Class,Accuracy,Precision,Recall,F1
Cube,0.3188405797101449,0.36,0.5454545454545454,0.43373493975903615
Stick,0.6376811594202898,0.6176470588235294,0.6363636363636364,0.6268656716417911
Sphere,0.6376811594202898,0.3333333333333333,0.7857142857142857,0.46808510638297873
Flat,0.9565217391304348,1.0,0.25,0.4
Amorphous,0.7246376811594203,0.3076923076923077,0.8888888888888888,0.45714285714285713
Macro-Average,0.13043478260869565,0.5237345399698341,0.6212842712842712,0.47716571498533267
Micro-Average,0.6550724637681159,0.4097222222222222,0.6344086021505376,0.4978902953586498
