Class,Accuracy,Precision,Recall,F1
Cube,0.78125,0.7083333333333334,1.0,0.8292682926829268
Stick,0.6875,0.7272727272727273,0.5333333333333333,0.6153846153846154
Sphere,0.59375,0.29411764705882354,0.8333333333333334,0.43478260869565216
Flat,0.9375,1.0,0.3333333333333333,0.5
Amorphous,0.9375,1.0,0.6,0.75
Macro-Average,0.28125,0.7459447415329767,0.66,0.6258871033526388
Micro-Average,0.7875,0.6071428571428571,0.7391304347826086,0.6666666666666666
