Class,Accuracy,Precision,Recall,F1
Cube,0.5217391304347826,0.5,0.06060606060606061,0.10810810810810811
Stick,0.5507246376811594,1.0,0.06060606060606061,0.11428571428571428
Sphere,0.21739130434782608,0.1774193548387097,0.7857142857142857,0.2894736842105263
Flat,0.3333333333333333,0.022727272727272728,0.25,0.041666666666666664
Amorphous,0.927536231884058,0.7,0.7777777777777778,0.7368421052631579
Macro-Average,0.07246376811594203,0.48002932551319655,0.386940836940837,0.25807525570683465
Micro-Average,0.5101449275362319,0.1885245901639344,0.24731182795698925,0.21395348837209302
