Class,Accuracy,Precision,Recall,F1
Cube,0.5507246376811594,0.6578947368421053,0.5813953488372093,0.6172839506172839
Stick,0.463768115942029,0.3684210526315789,0.21875,0.27450980392156865
Sphere,0.4492753623188406,0.2553191489361702,0.8,0.3870967741935484
Flat,0.855072463768116,0.0,0.0,0.0
Amorphous,0.7391304347826086,0.25,0.625,0.35714285714285715
Macro-Average,0.08695652173913043,0.30632698768197086,0.44502906976744183,0.32720667717505164
Micro-Average,0.6115942028985507,0.3798449612403101,0.47572815533980584,0.4224137931034483
