Class,Accuracy,Precision,Recall,F1
Cube,0.40625,0.6153846153846154,0.36363636363636365,0.45714285714285713
Stick,0.71875,0.0,0.0,0.0
Sphere,0.1875,0.16129032258064516,1.0,0.2777777777777778
Flat,0.90625,1.0,0.0,0.0
Amorphous,0.34375,0.15789473684210525,0.375,0.2222222222222222
Macro-Average,0.03125,0.38691393496147314,0.3477272727272728,0.19142857142857145
Micro-Average,0.5125,0.24615384615384617,0.35555555555555557,0.2909090909090909
