Class,Accuracy,Precision,Recall,F1
Cube,0.6904761904761905,0.9473684210526315,0.6,0.7346938775510204
Stick,0.5476190476190477,0.25,0.058823529411764705,0.09523809523809523
Sphere,0.5714285714285714,0.2222222222222222,0.5,0.3076923076923077
Flat,0.9047619047619048,0.25,0.5,0.3333333333333333
Amorphous,0.8333333333333334,0.2857142857142857,0.5,0.36363636363636365
Macro-Average,0.21428571428571427,0.3910609857978279,0.43176470588235294,0.3669187954902241
Micro-Average,0.7095238095238096,0.5,0.4262295081967213,0.46017699115044247
