Class,Accuracy,Precision,Recall,F1
Cube,0.8260869565217391,0.8035714285714286,0.9782608695652174,0.8823529411764706
Stick,0.6521739130434783,0.6,0.3333333333333333,0.42857142857142855
Sphere,0.2463768115942029,0.23529411764705882,1.0,0.38095238095238093
Flat,0.927536231884058,0.25,0.3333333333333333,0.2857142857142857
Amorphous,0.6086956521739131,0.25806451612903225,0.6666666666666666,0.37209302325581395
Macro-Average,0.043478260869565216,0.42938601246950386,0.6623188405797101,0.46993681193407594
Micro-Average,0.6521739130434783,0.4540229885057471,0.7596153846153846,0.5683453237410072
