Class,Accuracy,Precision,Recall,F1
Cube,0.2608695652173913,0.125,0.022222222222222223,0.03773584905660377
Stick,0.6376811594202898,1.0,0.0,0.0
Sphere,0.15942028985507245,0.14705882352941177,1.0,0.2564102564102564
Flat,0.9130434782608695,1.0,0.0,0.0
Amorphous,0.18840579710144928,0.18032786885245902,0.6470588235294118,0.28205128205128205
Macro-Average,0.0,0.49047733847637415,0.33385620915032677,0.11523947750362844
Micro-Average,0.4318840579710145,0.16058394160583941,0.21359223300970873,0.18333333333333332
