Class,Accuracy,Precision,Recall,F1
Cube,0.37681159420289856,1.0,0.0,0.0
Stick,0.5652173913043478,0.2,0.037037037037037035,0.0625
Sphere,0.782608695652174,0.2857142857142857,0.16666666666666666,0.21052631578947367
Flat,0.8260869565217391,0.0,0.0,0.0
Amorphous,0.2608695652173913,0.1694915254237288,0.8333333333333334,0.28169014084507044
Macro-Average,0.07246376811594203,0.33104116222760294,0.2074074074074074,0.11094329132690883
Micro-Average,0.5623188405797102,0.16883116883116883,0.13,0.14689265536723164
