Class,Accuracy,Precision,Recall,F1
Cube,0.37681159420289856,1.0,0.0,0.0
Stick,0.5507246376811594,0.0,0.0,0.0
Sphere,0.15942028985507245,0.140625,0.75,0.23684210526315788
Flat,0.9130434782608695,1.0,0.0,0.0
Amorphous,0.7681159420289855,0.0,0.0,0.0
Macro-Average,0.028985507246376812,0.428125,0.15,0.047368421052631574
Micro-Average,0.553623188405797,0.125,0.09,0.10465116279069768
