Class,Accuracy,Precision,Recall,F1
Cube,0.7101449275362319,0.7804878048780488,0.7441860465116279,0.7619047619047619
Stick,0.5942028985507246,0.47058823529411764,0.2962962962962963,0.36363636363636365
Sphere,0.43478260869565216,0.2127659574468085,0.8333333333333334,0.3389830508474576
Flat,0.9130434782608695,1.0,0.0,0.0
Amorphous,0.6521739130434783,0.2692307692307692,0.5833333333333334,0.3684210526315789
Macro-Average,0.15942028985507245,0.5466145533699488,0.49142980189491825,0.36658904580403245
Micro-Average,0.6608695652173913,0.4351145038167939,0.57,0.4935064935064935
