Class,Accuracy,Precision,Recall,F1
Cube,0.5362318840579711,0.5081967213114754,0.9393939393939394,0.6595744680851063
Stick,0.5797101449275363,0.6428571428571429,0.2727272727272727,0.3829787234042553
Sphere,0.2028985507246377,0.2028985507246377,1.0,0.3373493975903614
Flat,0.8840579710144928,0.25,0.5,0.3333333333333333
Amorphous,0.6956521739130435,0.2857142857142857,0.8888888888888888,0.43243243243243246
Macro-Average,0.014492753623188406,0.37793334012150837,0.7202020202020202,0.4291336709690977
Micro-Average,0.5797101449275363,0.35555555555555557,0.6881720430107527,0.46886446886446886
