Class,Accuracy,Precision,Recall,F1
Cube,0.391304347826087,1.0,0.023255813953488372,0.045454545454545456
Stick,0.5652173913043478,0.0,0.0,0.0
Sphere,0.15942028985507245,0.13846153846153847,0.8181818181818182,0.23684210526315788
Flat,0.2753623188405797,0.07692307692307693,0.6666666666666666,0.13793103448275862
Amorphous,0.8695652173913043,0.5714285714285714,0.4,0.47058823529411764
Macro-Average,0.014492753623188406,0.35736263736263735,0.3816208597603946,0.1781631840989159
Micro-Average,0.45217391304347826,0.14285714285714285,0.18181818181818182,0.16
