Class,Accuracy,Precision,Recall,F1
Cube,0.6956521739130435,0.7037037037037037,0.8837209302325582,0.7835051546391752
Stick,0.6521739130434783,0.7777777777777778,0.2413793103448276,0.3684210526315789
Sphere,0.17391304347826086,0.16176470588235295,1.0,0.27848101265822783
Flat,0.8840579710144928,0.375,0.5,0.42857142857142855
Amorphous,0.7681159420289855,0.3333333333333333,0.6,0.42857142857142855
Macro-Average,0.07246376811594203,0.4703159041394335,0.6450200481154772,0.4575100154143678
Micro-Average,0.6347826086956522,0.4140127388535032,0.6565656565656566,0.5078125
