Class,Accuracy,Precision,Recall,F1
Cube,0.7380952380952381,0.8823529411764706,0.625,0.7317073170731707
Stick,0.5,0.6,0.13636363636363635,0.2222222222222222
Sphere,0.47619047619047616,0.25,0.875,0.3888888888888889
Flat,0.9285714285714286,1.0,0.0,0.0
Amorphous,0.9523809523809523,1.0,0.6666666666666666,0.8
Macro-Average,0.21428571428571427,0.7464705882352941,0.4606060606060606,0.4285636856368564
Micro-Average,0.719047619047619,0.5370370370370371,0.4603174603174603,0.49572649572649574
