Class,Accuracy,Precision,Recall,F1
Cube,0.36231884057971014,1.0,0.0,0.0
Stick,0.6376811594202898,1.0,0.0,0.0
Sphere,0.2028985507246377,0.1346153846153846,0.4117647058823529,0.2028985507246377
Flat,0.5072463768115942,0.0,0.0,0.0
Amorphous,0.4057971014492754,0.08108108108108109,0.3,0.1276595744680851
Macro-Average,0.0,0.4431392931392931,0.14235294117647057,0.06611162503854455
Micro-Average,0.42318840579710143,0.08547008547008547,0.09803921568627451,0.091324200913242
