Class,Accuracy,Precision,Recall,F1
Cube,0.37681159420289856,0.5666666666666667,0.3617021276595745,0.44155844155844154
Stick,0.5072463768115942,0.42857142857142855,0.1875,0.2608695652173913
Sphere,0.2753623188405797,0.12727272727272726,0.7777777777777778,0.21875
Flat,0.5217391304347826,0.0,0.0,0.0
Amorphous,0.4057971014492754,0.029411764705882353,0.1111111111111111,0.046511627906976744
Macro-Average,0.014492753623188406,0.23038451744334093,0.2876182033096927,0.1935379269365619
Micro-Average,0.41739130434782606,0.18902439024390244,0.31313131313131315,0.23574144486692014
