Class,Accuracy,Precision,Recall,F1
Cube,0.38095238095238093,0.45,0.375,0.4090909090909091
Stick,0.38095238095238093,0.16666666666666666,0.045454545454545456,0.07142857142857142
Sphere,0.11904761904761904,0.1282051282051282,0.625,0.2127659574468085
Flat,0.9285714285714286,1.0,0.0,0.0
Amorphous,0.47619047619047616,0.16666666666666666,0.6666666666666666,0.26666666666666666
Macro-Average,0.023809523809523808,0.38230769230769235,0.3424242424242424,0.19199042092659116
Micro-Average,0.45714285714285713,0.21348314606741572,0.30158730158730157,0.25
