Class,Accuracy,Precision,Recall,F1
Cube,0.7142857142857143,0.7272727272727273,0.8888888888888888,0.8
Stick,0.7380952380952381,0.5833333333333334,0.9333333333333333,0.717948717948718
Sphere,0.7142857142857143,0.3333333333333333,0.5,0.4
Flat,0.8095238095238095,0.2857142857142857,0.4,0.3333333333333333
Amorphous,0.9285714285714286,1.0,0.5714285714285714,0.7272727272727273
Macro-Average,0.2619047619047619,0.585930735930736,0.6587301587301587,0.5957109557109558
Micro-Average,0.780952380952381,0.6,0.7741935483870968,0.676056338028169
