Class,Accuracy,Precision,Recall,F1
Cube,0.4057971014492754,0.6086956521739131,0.30434782608695654,0.4057971014492754
Stick,0.5797101449275363,0.45,0.3333333333333333,0.3829787234042553
Sphere,0.5072463768115942,0.29545454545454547,0.8125,0.43333333333333335
Flat,0.9565217391304348,0.5,0.3333333333333333,0.4
Amorphous,0.5507246376811594,0.1935483870967742,0.5,0.27906976744186046
Macro-Average,0.07246376811594203,0.40953971694504654,0.4567028985507246,0.3802357851257449
Micro-Average,0.6,0.35833333333333334,0.41346153846153844,0.38392857142857145
