Class,Accuracy,Precision,Recall,F1
Cube,0.5217391304347826,0.5,0.8181818181818182,0.6206896551724138
Stick,0.5217391304347826,0.5,0.42424242424242425,0.45901639344262296
Sphere,0.4927536231884058,0.21621621621621623,0.5714285714285714,0.3137254901960784
Flat,0.927536231884058,0.3333333333333333,0.25,0.2857142857142857
Amorphous,0.7246376811594203,0.1875,0.3333333333333333,0.24
Macro-Average,0.14492753623188406,0.3474099099099099,0.47943722943722944,0.3838291649050802
Micro-Average,0.6376811594202898,0.38405797101449274,0.5698924731182796,0.4588744588744589
