Class,Accuracy,Precision,Recall,F1
Cube,0.391304347826087,0.2631578947368421,0.15151515151515152,0.19230769230769232
Stick,0.6811594202898551,0.8666666666666667,0.3939393939393939,0.5416666666666666
Sphere,0.6086956521739131,0.3333333333333333,0.9285714285714286,0.49056603773584906
Flat,0.8260869565217391,0.1,0.25,0.14285714285714285
Amorphous,0.2028985507246377,0.140625,1.0,0.2465753424657534
Macro-Average,0.043478260869565216,0.34075657894736844,0.5448051948051947,0.32279457640662085
Micro-Average,0.5420289855072464,0.2789115646258503,0.44086021505376344,0.3416666666666667
