Class,Accuracy,Precision,Recall,F1
Cube,0.6904761904761905,0.6666666666666666,1.0,0.8
Stick,0.5714285714285714,0.5625,0.45,0.5
Sphere,0.4523809523809524,0.125,0.6,0.20689655172413793
Flat,0.8333333333333334,0.0,0.0,0.0
Amorphous,0.8809523809523809,0.5714285714285714,0.6666666666666666,0.6153846153846154
Macro-Average,0.09523809523809523,0.3851190476190476,0.5433333333333332,0.4244562334217507
Micro-Average,0.6857142857142857,0.46153846153846156,0.711864406779661,0.56
