Class,Accuracy,Precision,Recall,F1
Cube,0.5797101449275363,0.78125,0.5319148936170213,0.6329113924050633
Stick,0.5362318840579711,0.5,0.125,0.2
Sphere,0.36231884057971014,0.14285714285714285,0.7777777777777778,0.2413793103448276
Flat,0.7536231884057971,0.0,0.0,0.0
Amorphous,0.42028985507246375,0.05714285714285714,0.2222222222222222,0.09090909090909091
Macro-Average,0.057971014492753624,0.29625,0.3313829787234043,0.23303995873179634
Micro-Average,0.5304347826086957,0.2733812949640288,0.3838383838383838,0.31932773109243695
