Class,Accuracy,Precision,Recall,F1
Cube,0.71875,0.6896551724137931,1.0,0.8163265306122449
Stick,0.53125,0.4,1.0,0.5714285714285714
Sphere,0.90625,1.0,0.5,0.6666666666666666
Flat,0.9375,1.0,0.3333333333333333,0.5
Amorphous,0.90625,1.0,0.5,0.6666666666666666
Macro-Average,0.25,0.8179310344827586,0.6666666666666667,0.64421768707483
Micro-Average,0.8,0.6065573770491803,0.8222222222222222,0.6981132075471698
