Class,Accuracy,Precision,Recall,F1
Cube,0.8260869565217391,0.918918918918919,0.7906976744186046,0.85
Stick,0.5362318840579711,0.42857142857142855,0.5555555555555556,0.4838709677419355
Sphere,0.463768115942029,0.14285714285714285,0.4166666666666667,0.2127659574468085
Flat,0.6231884057971014,0.11538461538461539,0.5,0.1875
Amorphous,0.7681159420289855,0.3333333333333333,0.3333333333333333,0.3333333333333333
Macro-Average,0.014492753623188406,0.38781308781308776,0.5192506459948321,0.41349405170441556
Micro-Average,0.6434782608695652,0.4206896551724138,0.61,0.49795918367346936
