Class,Accuracy,Precision,Recall,F1
Cube,0.7246376811594203,0.9090909090909091,0.6521739130434783,0.759493670886076
Stick,0.6376811594202898,1.0,0.07407407407407407,0.13793103448275862
Sphere,0.6086956521739131,0.3103448275862069,0.5625,0.4
Flat,0.8840579710144928,0.2222222222222222,0.6666666666666666,0.3333333333333333
Amorphous,0.2028985507246377,0.14754098360655737,0.75,0.2465753424657534
Macro-Average,0.10144927536231885,0.5178397885011792,0.5410829307568438,0.37546667623358426
Micro-Average,0.6115942028985507,0.3880597014925373,0.5,0.4369747899159664
