Class,Accuracy,Precision,Recall,F1
Cube,0.5797101449275363,0.6904761904761905,0.6444444444444445,0.6666666666666666
Stick,0.6666666666666666,0.55,0.44,0.4888888888888889
Sphere,0.463768115942029,0.15384615384615385,0.6,0.24489795918367346
Flat,0.9130434782608695,1.0,0.0,0.0
Amorphous,0.6231884057971014,0.3333333333333333,0.5294117647058824,0.4090909090909091
Macro-Average,0.14492753623188406,0.5455311355311355,0.44277124183006533,0.3619088847660276
Micro-Average,0.6492753623188405,0.4296875,0.5339805825242718,0.47619047619047616
