Class,Accuracy,Precision,Recall,F1
Cube,0.5942028985507246,0.6363636363636364,0.813953488372093,0.7142857142857143
Stick,0.7391304347826086,0.6666666666666666,0.7586206896551724,0.7096774193548387
Sphere,0.6086956521739131,0.2647058823529412,0.8181818181818182,0.4
Flat,0.9130434782608695,1.0,0.0,0.0
Amorphous,0.7681159420289855,0.25,0.3,0.2727272727272727
Macro-Average,0.21739130434782608,0.5635472370766488,0.5381511992418166,0.4193380812735651
Micro-Average,0.7246376811594203,0.5149253731343284,0.696969696969697,0.592274678111588
