Class,Accuracy,Precision,Recall,F1
Cube,0.34782608695652173,0.5,0.022222222222222223,0.0425531914893617
Stick,0.6231884057971014,0.0,0.0,0.0
Sphere,0.2898550724637681,0.15789473684210525,0.9,0.26865671641791045
Flat,0.4057971014492754,0.1276595744680851,1.0,0.22641509433962265
Amorphous,0.7391304347826086,0.4444444444444444,0.23529411764705882,0.3076923076923077
Macro-Average,0.014492753623188406,0.24599975115092695,0.4315032679738562,0.1690634619878405
Micro-Average,0.4811594202898551,0.1724137931034483,0.1941747572815534,0.182648401826484
