Class,Accuracy,Precision,Recall,F1
Cube,0.3188405797101449,1.0,0.0,0.0
Stick,0.5362318840579711,1.0,0.0,0.0
Sphere,0.08695652173913043,0.078125,0.5555555555555556,0.136986301369863
Flat,0.8695652173913043,0.1111111111111111,0.5,0.18181818181818182
Amorphous,0.2898550724637681,0.15517241379310345,1.0,0.26865671641791045
Macro-Average,0.0,0.468881704980843,0.4111111111111111,0.11749223992119107
Micro-Average,0.42028985507246375,0.11450381679389313,0.15151515151515152,0.13043478260869565
