Class,Accuracy,Precision,Recall,F1
Cube,0.7681159420289855,0.7777777777777778,0.9130434782608695,0.84
Stick,0.5652173913043478,0.4117647058823529,0.25925925925925924,0.3181818181818182
Sphere,0.5652173913043478,0.29411764705882354,0.625,0.4
Flat,0.9710144927536232,1.0,0.3333333333333333,0.5
Amorphous,0.5942028985507246,0.16666666666666666,0.3333333333333333,0.2222222222222222
Macro-Average,0.14492753623188406,0.5300653594771242,0.49279388083735914,0.4560808080808081
Micro-Average,0.6927536231884058,0.49230769230769234,0.6153846153846154,0.5470085470085471
