Class,Accuracy,Precision,Recall,F1
Cube,0.75,0.7142857142857143,1.0,0.8333333333333334
Stick,0.53125,0.4,1.0,0.5714285714285714
Sphere,0.875,0.75,0.5,0.6
Flat,0.9375,1.0,0.3333333333333333,0.5
Amorphous,0.90625,1.0,0.5,0.6666666666666666
Macro-Average,0.21875,0.7728571428571429,0.6666666666666667,0.6342857142857142
Micro-Average,0.8,0.6065573770491803,0.8222222222222222,0.6981132075471698
