Class,Accuracy,Precision,Recall,F1
Cube,0.8405797101449275,0.8541666666666666,0.9111111111111111,0.8817204301075269
Stick,0.5217391304347826,0.3,0.24,0.26666666666666666
Sphere,0.17391304347826086,0.14925373134328357,1.0,0.2597402597402597
Flat,0.8985507246376812,0.3333333333333333,0.16666666666666666,0.2222222222222222
Amorphous,0.5217391304347826,0.25,0.47058823529411764,0.32653061224489793
Macro-Average,0.014492753623188406,0.37735074626865667,0.5576732026143791,0.3913760381963147
Micro-Average,0.591304347826087,0.38823529411764707,0.6407766990291263,0.4835164835164835
