Class,Accuracy,Precision,Recall,F1
Cube,0.6190476190476191,0.6190476190476191,1.0,0.7647058823529411
Stick,0.6666666666666666,0.625,0.75,0.6818181818181818
Sphere,0.6666666666666666,0.2,0.6,0.3
Flat,0.8571428571428571,0.16666666666666666,0.5,0.25
Amorphous,0.9285714285714286,0.8,0.6666666666666666,0.7272727272727273
Macro-Average,0.16666666666666666,0.4821428571428571,0.7033333333333334,0.54475935828877
Micro-Average,0.7476190476190476,0.532608695652174,0.8305084745762712,0.6490066225165563
