Class,Accuracy,Precision,Recall,F1
Cube,0.6428571428571429,0.75,0.6666666666666666,0.7058823529411765
Stick,0.5476190476190477,0.34782608695652173,0.6666666666666666,0.45714285714285713
Sphere,0.5952380952380952,0.25,0.7142857142857143,0.37037037037037035
Flat,0.9285714285714286,1.0,0.0,0.0
Amorphous,0.7380952380952381,0.4166666666666667,0.5555555555555556,0.47619047619047616
Macro-Average,0.16666666666666666,0.5528985507246376,0.5206349206349206,0.40191721132897607
Micro-Average,0.6904761904761905,0.45569620253164556,0.6206896551724138,0.5255474452554745
