Class,Accuracy,Precision,Recall,F1
Cube,0.6086956521739131,0.7352941176470589,0.5813953488372093,0.6493506493506493
Stick,0.5797101449275363,0.375,0.1111111111111111,0.17142857142857143
Sphere,0.2753623188405797,0.1935483870967742,1.0,0.32432432432432434
Flat,0.6376811594202898,0.08695652173913043,0.3333333333333333,0.13793103448275862
Amorphous,0.6086956521739131,0.2727272727272727,0.75,0.4
Macro-Average,0.014492753623188406,0.33270525984204724,0.5551679586563307,0.3366069159172608
Micro-Average,0.5420289855072464,0.31875,0.51,0.3923076923076923
