Class,Accuracy,Precision,Recall,F1
Cube,0.5217391304347826,0.5,0.8484848484848485,0.6292134831460674
Stick,0.5217391304347826,0.5,0.5151515151515151,0.5074626865671642
Sphere,0.2318840579710145,0.208955223880597,1.0,0.345679012345679
Flat,0.7681159420289855,0.07142857142857142,0.25,0.1111111111111111
Amorphous,0.7681159420289855,0.3333333333333333,0.7777777777777778,0.4666666666666667
Macro-Average,0.0,0.32274342572850034,0.6782828282828283,0.41202659196733765
Micro-Average,0.5623188405797102,0.3489583333333333,0.7204301075268817,0.47017543859649125
