Class,Accuracy,Precision,Recall,F1
Cube,0.8115942028985508,0.7884615384615384,0.9534883720930233,0.8631578947368421
Stick,0.5652173913043478,0.5625,0.28125,0.375
Sphere,0.5362318840579711,0.3023255813953488,0.8666666666666667,0.4482758620689655
Flat,0.8260869565217391,0.18181818181818182,0.4,0.25
Amorphous,0.8985507246376812,0.5714285714285714,0.5,0.5333333333333333
Macro-Average,0.21739130434782608,0.48130677462072813,0.6002810077519379,0.4939534180278282
Micro-Average,0.7275362318840579,0.5348837209302325,0.6699029126213593,0.5948275862068966
