Class,Accuracy,Precision,Recall,F1
Cube,0.3188405797101449,0.3333333333333333,0.021739130434782608,0.04081632653061224
Stick,0.6086956521739131,0.5555555555555556,0.17857142857142858,0.2702702702702703
Sphere,0.6811594202898551,0.06666666666666667,0.1111111111111111,0.08333333333333333
Flat,0.42028985507246375,0.07142857142857142,0.75,0.13043478260869565
Amorphous,0.4927536231884058,0.13793103448275862,0.2857142857142857,0.18604651162790697
Macro-Average,0.0,0.2329830322933771,0.2694271911663216,0.1421802448741637
Micro-Average,0.5043478260869565,0.14285714285714285,0.13861386138613863,0.1407035175879397
