Class,Accuracy,Precision,Recall,F1
Cube,0.5072463768115942,0.0,0.0,0.0
Stick,0.4492753623188406,0.0,0.0,0.0
Sphere,0.21739130434782608,0.20588235294117646,1.0,0.34146341463414637
Flat,0.9420289855072463,1.0,0.0,0.0
Amorphous,0.8260869565217391,0.2857142857142857,0.2222222222222222,0.25
Macro-Average,0.057971014492753624,0.29831932773109243,0.24444444444444446,0.11829268292682929
Micro-Average,0.5884057971014492,0.19753086419753085,0.17204301075268819,0.1839080459770115
