Class,Accuracy,Precision,Recall,F1
Cube,0.782608695652174,0.7818181818181819,0.9347826086956522,0.8514851485148515
Stick,0.5652173913043478,0.4117647058823529,0.25925925925925924,0.3181818181818182
Sphere,0.5507246376811594,0.2727272727272727,0.5625,0.3673469387755102
Flat,0.9855072463768116,1.0,0.6666666666666666,0.8
Amorphous,0.6231884057971014,0.20833333333333334,0.4166666666666667,0.2777777777777778
Macro-Average,0.13043478260869565,0.5349286987522281,0.5679750402576489,0.5229583366499915
Micro-Average,0.7014492753623188,0.5038167938931297,0.6346153846153846,0.5617021276595745
