Class,Accuracy,Precision,Recall,F1
Cube,0.78125,0.72,1.0,0.8372093023255814
Stick,0.71875,0.6666666666666666,0.8,0.7272727272727273
Sphere,0.875,0.3333333333333333,0.3333333333333333,0.3333333333333333
Flat,0.96875,1.0,0.5,0.6666666666666666
Amorphous,0.75,0.4166666666666667,0.8333333333333334,0.5555555555555556
Macro-Average,0.3125,0.6273333333333333,0.6933333333333334,0.6240075170307728
Micro-Average,0.81875,0.6271186440677966,0.8409090909090909,0.7184466019417476
