Class,Accuracy,Precision,Recall,F1
Cube,0.8333333333333334,0.8108108108108109,1.0,0.8955223880597015
Stick,0.6190476190476191,0.5217391304347826,0.7058823529411765,0.6
Sphere,0.8571428571428571,0.75,0.375,0.5
Flat,1.0,1.0,1.0,1.0
Amorphous,0.9285714285714286,1.0,0.25,0.4
Macro-Average,0.35714285714285715,0.8165099882491187,0.6661764705882354,0.6791044776119403
Micro-Average,0.8476190476190476,0.7164179104477612,0.7868852459016393,0.75
