Class,Accuracy,Precision,Recall,F1
Cube,0.34782608695652173,1.0,0.0,0.0
Stick,0.5942028985507246,0.0,0.0,0.0
Sphere,0.2753623188405797,0.14285714285714285,0.8,0.24242424242424243
Flat,0.9130434782608695,1.0,0.0,0.0
Amorphous,0.6956521739130435,0.3,0.17647058823529413,0.2222222222222222
Macro-Average,0.08695652173913043,0.48857142857142855,0.19529411764705884,0.09292929292929293
Micro-Average,0.5652173913043478,0.15942028985507245,0.10679611650485436,0.12790697674418605
