Class,Accuracy,Precision,Recall,F1
Cube,0.391304347826087,1.0,0.045454545454545456,0.08695652173913043
Stick,0.6811594202898551,1.0,0.12,0.21428571428571427
Sphere,0.2463768115942029,0.2463768115942029,1.0,0.3953488372093023
Flat,0.8985507246376812,0.0,0.0,0.0
Amorphous,0.927536231884058,0.7777777777777778,0.7,0.7368421052631579
Macro-Average,0.11594202898550725,0.6048309178743961,0.3730909090909091,0.28668663569946096
Micro-Average,0.6289855072463768,0.34523809523809523,0.28431372549019607,0.3118279569892473
