Class,Accuracy,Precision,Recall,F1
Cube,0.391304347826087,0.6666666666666666,0.046511627906976744,0.08695652173913043
Stick,0.5797101449275363,0.5,0.034482758620689655,0.06451612903225806
Sphere,0.18840579710144928,0.16417910447761194,1.0,0.28205128205128205
Flat,0.9130434782608695,1.0,0.0,0.0
Amorphous,0.7536231884057971,0.18181818181818182,0.2,0.19047619047619047
Macro-Average,0.07246376811594203,0.502532790592492,0.25619887730553326,0.1248000246597722
Micro-Average,0.5652173913043478,0.1927710843373494,0.16161616161616163,0.17582417582417584
