Class,Accuracy,Precision,Recall,F1
Cube,0.36231884057971014,0.0,0.0,0.0
Stick,0.5942028985507246,1.0,0.034482758620689655,0.06666666666666667
Sphere,0.11594202898550725,0.0967741935483871,0.5454545454545454,0.1643835616438356
Flat,0.391304347826087,0.02631578947368421,0.16666666666666666,0.045454545454545456
Amorphous,0.6956521739130435,0.2608695652173913,0.6,0.36363636363636365
Macro-Average,0.0,0.2767919096478925,0.2693207941483803,0.12802822748028228
Micro-Average,0.4318840579710145,0.112,0.1414141414141414,0.125
