Class,Accuracy,Precision,Recall,F1
Cube,0.7857142857142857,0.7837837837837838,0.9666666666666667,0.8656716417910447
Stick,0.6666666666666666,0.5714285714285714,0.7058823529411765,0.631578947368421
Sphere,0.8571428571428571,0.6666666666666666,0.5,0.5714285714285714
Flat,1.0,1.0,1.0,1.0
Amorphous,0.9285714285714286,0.6666666666666666,0.5,0.5714285714285714
Macro-Average,0.38095238095238093,0.7377091377091377,0.7345098039215687,0.7280215464033217
Micro-Average,0.8476190476190476,0.7101449275362319,0.8032786885245902,0.7538461538461538
