Class,Accuracy,Precision,Recall,F1
Cube,0.34782608695652173,0.0,0.0,0.0
Stick,0.5072463768115942,0.0,0.0,0.0
Sphere,0.2028985507246377,0.1875,0.8,0.3037974683544304
Flat,0.927536231884058,1.0,0.0,0.0
Amorphous,0.8115942028985508,0.0,0.0,0.0
Macro-Average,0.07246376811594203,0.2375,0.16,0.06075949367088608
Micro-Average,0.5594202898550724,0.1643835616438356,0.11650485436893204,0.13636363636363635
