Class,Accuracy,Precision,Recall,F1
Cube,0.6904761904761905,0.675,1.0,0.8059701492537313
Stick,0.6428571428571429,0.42105263157894735,0.6666666666666666,0.5161290322580645
Sphere,0.9523809523809523,1.0,0.7142857142857143,0.8333333333333334
Flat,0.9523809523809523,1.0,0.3333333333333333,0.5
Amorphous,0.6666666666666666,0.3333333333333333,0.5555555555555556,0.4166666666666667
Macro-Average,0.11904761904761904,0.6858771929824562,0.653968253968254,0.6144198363023592
Micro-Average,0.780952380952381,0.575,0.7931034482758621,0.6666666666666666
