Class,Accuracy,Precision,Recall,F1
Cube,0.34375,0.4444444444444444,0.2,0.27586206896551724
Stick,0.625,0.4166666666666667,0.5,0.45454545454545453
Sphere,0.3125,0.19230769230769232,0.8333333333333334,0.3125
Flat,0.9375,1.0,0.3333333333333333,0.5
Amorphous,0.46875,0.13333333333333333,0.3333333333333333,0.19047619047619047
Macro-Average,0.03125,0.4373504273504273,0.43999999999999995,0.34667674279743244
Micro-Average,0.5375,0.2698412698412698,0.37777777777777777,0.3148148148148148
