Class,Accuracy,Precision,Recall,F1
Cube,0.3333333333333333,1.0,0.0,0.0
Stick,0.5942028985507246,1.0,0.0,0.0
Sphere,0.7536231884057971,0.1,0.1111111111111111,0.10526315789473684
Flat,0.8405797101449275,0.0,0.0,0.0
Amorphous,0.15942028985507245,0.14516129032258066,0.6428571428571429,0.23684210526315788
Macro-Average,0.0,0.44903225806451613,0.15079365079365079,0.06842105263157894
Micro-Average,0.5362318840579711,0.12658227848101267,0.09900990099009901,0.1111111111111111
