Class,Accuracy,Precision,Recall,F1
Cube,0.4782608695652174,0.47058823529411764,0.7272727272727273,0.5714285714285714
Stick,0.4927536231884058,0.45454545454545453,0.30303030303030304,0.36363636363636365
Sphere,0.37681159420289856,0.19148936170212766,0.6428571428571429,0.29508196721311475
Flat,0.6376811594202898,0.0,0.0,0.0
Amorphous,0.7101449275362319,0.21052631578947367,0.4444444444444444,0.2857142857142857
Macro-Average,0.07246376811594203,0.2654298734662347,0.42352092352092346,0.3031722375984671
Micro-Average,0.5391304347826087,0.29375,0.5053763440860215,0.3715415019762846
