Class,Accuracy,Precision,Recall,F1
Cube,0.5476190476190477,0.7894736842105263,0.5,0.6122448979591837
Stick,0.6190476190476191,1.0,0.058823529411764705,0.1111111111111111
Sphere,0.35714285714285715,0.1935483870967742,0.75,0.3076923076923077
Flat,0.9523809523809523,1.0,0.0,0.0
Amorphous,0.5238095238095238,0.0,0.0,0.0
Macro-Average,0.09523809523809523,0.5966044142614602,0.26176470588235295,0.2062096633525205
Micro-Average,0.6,0.3283582089552239,0.36065573770491804,0.34375
