Class,Accuracy,Precision,Recall,F1
Cube,0.3188405797101449,0.5,0.02127659574468085,0.04081632653061224
Stick,0.5507246376811594,0.5185185185185185,0.4375,0.4745762711864407
Sphere,0.5072463768115942,0.12121212121212122,0.4444444444444444,0.19047619047619047
Flat,0.6666666666666666,0.08,1.0,0.14814814814814814
Amorphous,0.5217391304347826,0.07142857142857142,0.2222222222222222,0.10810810810810811
Macro-Average,0.0,0.25823184223184226,0.4250886524822695,0.19242500888989994
Micro-Average,0.5130434782608696,0.2,0.23232323232323232,0.21495327102803738
