Class,Accuracy,Precision,Recall,F1
Cube,0.42028985507246375,0.5833333333333334,0.3181818181818182,0.4117647058823529
Stick,0.6086956521739131,0.375,0.12,0.18181818181818182
Sphere,0.2463768115942029,0.23076923076923078,0.8823529411764706,0.36585365853658536
Flat,0.5652173913043478,0.125,0.6666666666666666,0.21052631578947367
Amorphous,0.37681159420289856,0.18867924528301888,1.0,0.31746031746031744
Macro-Average,0.028985507246376812,0.3005563618771166,0.5974402852049912,0.2974846358973822
Micro-Average,0.4434782608695652,0.25274725274725274,0.45098039215686275,0.323943661971831
