Class,Accuracy,Precision,Recall,F1
Cube,0.5,0.59375,0.7037037037037037,0.6440677966101694
Stick,0.5714285714285714,0.38461538461538464,0.3333333333333333,0.35714285714285715
Sphere,0.6904761904761905,0.2727272727272727,0.375,0.3157894736842105
Flat,0.7857142857142857,0.16666666666666666,0.2,0.18181818181818182
Amorphous,0.6190476190476191,0.15384615384615385,0.2857142857142857,0.2
Macro-Average,0.09523809523809523,0.31432109557109555,0.3795502645502645,0.33976366185108375
Micro-Average,0.6333333333333333,0.4,0.4838709677419355,0.43795620437956206
