Class,Accuracy,Precision,Recall,F1
Cube,0.5942028985507246,0.6415094339622641,0.7906976744186046,0.7083333333333334
Stick,0.7246376811594203,0.6470588235294118,0.7586206896551724,0.6984126984126984
Sphere,0.6086956521739131,0.2647058823529412,0.8181818181818182,0.4
Flat,0.9130434782608695,1.0,0.0,0.0
Amorphous,0.7391304347826086,0.21428571428571427,0.3,0.25
Macro-Average,0.2028985507246377,0.5535119708260663,0.533500036451119,0.4113492063492063
Micro-Average,0.7159420289855073,0.5037037037037037,0.6868686868686869,0.5811965811965812
