Class,Accuracy,Precision,Recall,F1
Cube,0.5072463768115942,0.6956521739130435,0.37209302325581395,0.48484848484848486
Stick,0.6086956521739131,0.5,0.25925925925925924,0.34146341463414637
Sphere,0.37681159420289856,0.21818181818181817,1.0,0.3582089552238806
Flat,0.9130434782608695,1.0,0.0,0.0
Amorphous,0.3333333333333333,0.11363636363636363,0.4166666666666667,0.17857142857142858
Macro-Average,0.07246376811594203,0.5054940711462451,0.40960378983634793,0.2726184566555881
Micro-Average,0.5478260869565217,0.29411764705882354,0.4,0.3389830508474576
