Class,Accuracy,Precision,Recall,F1
Cube,0.391304347826087,1.0,0.023255813953488372,0.045454545454545456
Stick,0.5942028985507246,0.8333333333333334,0.15625,0.2631578947368421
Sphere,0.3188405797101449,0.23333333333333334,0.9333333333333333,0.37333333333333335
Flat,0.463768115942029,0.05555555555555555,0.4,0.0975609756097561
Amorphous,0.8405797101449275,0.38461538461538464,0.625,0.47619047619047616
Macro-Average,0.014492753623188406,0.5013675213675214,0.4275678294573644,0.25113944506499064
Micro-Average,0.5217391304347826,0.23275862068965517,0.2621359223300971,0.2465753424657534
