Class,Accuracy,Precision,Recall,F1
Cube,0.36231884057971014,0.0,0.0,0.0
Stick,0.5797101449275363,1.0,0.0,0.0
Sphere,0.15942028985507245,0.15942028985507245,1.0,0.275
Flat,0.9130434782608695,1.0,0.0,0.0
Amorphous,0.855072463768116,1.0,0.0,0.0
Macro-Average,0.057971014492753624,0.6318840579710144,0.2,0.05500000000000001
Micro-Average,0.5739130434782609,0.15714285714285714,0.1111111111111111,0.1301775147928994
