Class,Accuracy,Precision,Recall,F1
Cube,0.3188405797101449,1.0,0.0,0.0
Stick,0.5362318840579711,0.2857142857142857,0.06896551724137931,0.1111111111111111
Sphere,0.3188405797101449,0.047619047619047616,0.2222222222222222,0.0784313725490196
Flat,0.8695652173913043,0.0,0.0,0.0
Amorphous,0.4782608695652174,0.14285714285714285,0.45454545454545453,0.21739130434782608
Macro-Average,0.0,0.2952380952380952,0.14914663880181123,0.08138675760159135
Micro-Average,0.5043478260869565,0.10112359550561797,0.09,0.09523809523809523
