Class,Accuracy,Precision,Recall,F1
Cube,0.78125,0.72,1.0,0.8372093023255814
Stick,0.71875,0.6363636363636364,0.9333333333333333,0.7567567567567568
Sphere,0.8125,0.2,0.3333333333333333,0.25
Flat,0.9375,1.0,0.0,0.0
Amorphous,0.90625,0.7142857142857143,0.8333333333333334,0.7692307692307693
Macro-Average,0.375,0.6541298701298702,0.62,0.5226393656626215
Micro-Average,0.83125,0.6440677966101694,0.8636363636363636,0.7378640776699029
