Class,Accuracy,Precision,Recall,F1
Cube,0.8405797101449275,0.7962962962962963,1.0,0.8865979381443299
Stick,0.6086956521739131,0.631578947368421,0.375,0.47058823529411764
Sphere,0.7246376811594203,0.4230769230769231,0.7333333333333333,0.5365853658536586
Flat,0.6376811594202898,0.14285714285714285,0.8,0.24242424242424243
Amorphous,0.9420289855072463,0.8333333333333334,0.625,0.7142857142857143
Macro-Average,0.21739130434782608,0.5654285285864233,0.7066666666666667,0.5700962992004126
Micro-Average,0.7507246376811594,0.5639097744360902,0.7281553398058253,0.635593220338983
