Class,Accuracy,Precision,Recall,F1
Cube,0.6666666666666666,0.7241379310344828,0.7777777777777778,0.75
Stick,0.6428571428571429,0.5,0.2,0.2857142857142857
Sphere,0.4523809523809524,0.2413793103448276,0.875,0.3783783783783784
Flat,0.8095238095238095,0.2,0.2,0.2
Amorphous,0.7619047619047619,0.36363636363636365,0.5714285714285714,0.4444444444444444
Macro-Average,0.19047619047619047,0.4058307210031348,0.5248412698412699,0.4117074217074217
Micro-Average,0.6666666666666666,0.45,0.5806451612903226,0.5070422535211268
