Class,Accuracy,Precision,Recall,F1
Cube,0.391304347826087,0.5217391304347826,0.27906976744186046,0.36363636363636365
Stick,0.5217391304347826,0.3333333333333333,0.2222222222222222,0.26666666666666666
Sphere,0.36231884057971014,0.2037037037037037,0.9166666666666666,0.3333333333333333
Flat,0.5217391304347826,0.09090909090909091,0.5,0.15384615384615385
Amorphous,0.5507246376811594,0.21212121212121213,0.5833333333333334,0.3111111111111111
Macro-Average,0.0,0.27236129410042453,0.5002583979328166,0.28571872571872575
Micro-Average,0.46956521739130436,0.2422360248447205,0.39,0.2988505747126437
