Class,Accuracy,Precision,Recall,F1
Cube,0.7536231884057971,0.7301587301587301,1.0,0.8440366972477065
Stick,0.6666666666666666,0.5555555555555556,0.7407407407407407,0.6349206349206349
Sphere,0.8695652173913043,0.8888888888888888,0.5,0.64
Flat,1.0,1.0,1.0,1.0
Amorphous,0.6521739130434783,0.2,0.3333333333333333,0.25
Macro-Average,0.2318840579710145,0.6749206349206349,0.7148148148148148,0.6737914664336683
Micro-Average,0.7884057971014493,0.6183206106870229,0.7788461538461539,0.6893617021276596
