Class,Accuracy,Precision,Recall,F1
Cube,0.37681159420289856,0.6,0.1956521739130435,0.29508196721311475
Stick,0.5942028985507246,0.5,0.10714285714285714,0.17647058823529413
Sphere,0.4057971014492754,0.15217391304347827,0.7777777777777778,0.2545454545454545
Flat,0.2753623188405797,0.07407407407407407,1.0,0.13793103448275862
Amorphous,0.5217391304347826,0.24324324324324326,0.6428571428571429,0.35294117647058826
Macro-Average,0.0,0.31389824607215916,0.5446859903381642,0.24339404418944208
Micro-Average,0.43478260869565216,0.20253164556962025,0.31683168316831684,0.2471042471042471
