Class,Accuracy,Precision,Recall,F1
Cube,0.90625,0.9130434782608695,0.9545454545454546,0.9333333333333333
Stick,0.6875,0.5882352941176471,0.7692307692307693,0.6666666666666666
Sphere,0.65625,0.3,0.42857142857142855,0.35294117647058826
Flat,1.0,1.0,1.0,1.0
Amorphous,0.78125,0.16666666666666666,0.3333333333333333,0.2222222222222222
Macro-Average,0.34375,0.5935890878090366,0.6971361971361971,0.6350326797385621
Micro-Average,0.80625,0.6379310344827587,0.7872340425531915,0.7047619047619048
