Class,Accuracy,Precision,Recall,F1
Cube,0.3333333333333333,0.375,0.06818181818181818,0.11538461538461539
Stick,0.6231884057971014,0.0,0.0,0.0
Sphere,0.4927536231884058,0.21875,0.4117647058823529,0.2857142857142857
Flat,0.6086956521739131,0.08,0.3333333333333333,0.12903225806451613
Amorphous,0.36231884057971014,0.16,0.8,0.26666666666666666
Macro-Average,0.014492753623188406,0.16675,0.32265597147950087,0.15935956516601676
Micro-Average,0.48405797101449277,0.1724137931034483,0.19607843137254902,0.1834862385321101
