Class,Accuracy,Precision,Recall,F1
Cube,0.7857142857142857,0.8260869565217391,0.7916666666666666,0.8085106382978723
Stick,0.5476190476190477,1.0,0.13636363636363635,0.24
Sphere,0.6666666666666666,0.3125,0.625,0.4166666666666667
Flat,0.9761904761904762,1.0,0.6666666666666666,0.8
Amorphous,0.8571428571428571,0.5,0.5,0.5
Macro-Average,0.2619047619047619,0.7277173913043479,0.543939393939394,0.5530354609929078
Micro-Average,0.7666666666666667,0.64,0.5079365079365079,0.5663716814159292
