Class,Accuracy,Precision,Recall,F1
Cube,0.6666666666666666,0.7380952380952381,0.7209302325581395,0.7294117647058823
Stick,0.5507246376811594,0.0,0.0,0.0
Sphere,0.21739130434782608,0.14754098360655737,0.8181818181818182,0.25
Flat,0.8985507246376812,0.0,0.0,0.0
Amorphous,0.782608695652174,0.2727272727272727,0.3,0.2857142857142857
Macro-Average,0.11594202898550725,0.23167269888581363,0.36782241014799155,0.2530252100840336
Micro-Average,0.6231884057971014,0.36752136752136755,0.43434343434343436,0.39814814814814814
