Class,Accuracy,Precision,Recall,F1
Cube,0.8115942028985508,0.7758620689655172,1.0,0.8737864077669902
Stick,0.5362318840579711,0.4222222222222222,0.76,0.5428571428571428
Sphere,0.9130434782608695,0.75,0.6,0.6666666666666666
Flat,0.927536231884058,1.0,0.16666666666666666,0.2857142857142857
Amorphous,0.8115942028985508,0.75,0.35294117647058826,0.48
Macro-Average,0.2028985507246377,0.7396168582375479,0.5759215686274509,0.5698049006010171
Micro-Average,0.8,0.6416666666666667,0.7475728155339806,0.6905829596412556
