Class,Accuracy,Precision,Recall,F1
Cube,0.6811594202898551,0.6666666666666666,0.9767441860465116,0.7924528301886793
Stick,0.6376811594202898,0.5416666666666666,0.896551724137931,0.6753246753246753
Sphere,0.782608695652174,0.375,0.5454545454545454,0.4444444444444444
Flat,0.9420289855072463,1.0,0.3333333333333333,0.5
Amorphous,0.8840579710144928,0.625,0.5,0.5555555555555556
Macro-Average,0.2463768115942029,0.6416666666666666,0.6504167577944643,0.593555501102671
Micro-Average,0.7855072463768116,0.5912408759124088,0.8181818181818182,0.6864406779661016
