Class,Accuracy,Precision,Recall,F1
Cube,0.7971014492753623,0.7543859649122807,1.0,0.86
Stick,0.5652173913043478,0.55,0.34375,0.4230769230769231
Sphere,0.7101449275362319,0.4074074074074074,0.7333333333333333,0.5238095238095238
Flat,0.6666666666666666,0.15384615384615385,0.8,0.25806451612903225
Amorphous,0.927536231884058,0.8,0.5,0.6153846153846154
Macro-Average,0.18840579710144928,0.5331279052331684,0.6754166666666667,0.536067115680019
Micro-Average,0.7333333333333333,0.5407407407407407,0.7087378640776699,0.6134453781512605
