Class,Accuracy,Precision,Recall,F1
Cube,0.7246376811594203,0.8181818181818182,0.7659574468085106,0.7912087912087912
Stick,0.6086956521739131,0.6470588235294118,0.34375,0.4489795918367347
Sphere,0.18840579710144928,0.13846153846153847,1.0,0.24324324324324326
Flat,0.7101449275362319,0.05,0.5,0.09090909090909091
Amorphous,0.5942028985507246,0.24324324324324326,1.0,0.391304347826087
Macro-Average,0.014492753623188406,0.3793890846832023,0.7219414893617021,0.39312901300478936
Micro-Average,0.5652173913043478,0.36065573770491804,0.6666666666666666,0.46808510638297873
