Class,Accuracy,Precision,Recall,F1
Cube,0.4057971014492754,0.625,0.11627906976744186,0.19607843137254902
Stick,0.5217391304347826,0.2,0.07407407407407407,0.10810810810810811
Sphere,0.2028985507246377,0.09433962264150944,0.4166666666666667,0.15384615384615385
Flat,0.855072463768116,0.25,0.3333333333333333,0.2857142857142857
Amorphous,0.2898550724637681,0.17543859649122806,0.8333333333333334,0.2898550724637681
Macro-Average,0.0,0.2689556438265475,0.3547372954349698,0.20672041030097293
Micro-Average,0.45507246376811594,0.17647058823529413,0.24,0.2033898305084746
