Class,Accuracy,Precision,Recall,F1
Cube,0.3188405797101449,0.5,0.02127659574468085,0.04081632653061224
Stick,0.5652173913043478,0.0,0.0,0.0
Sphere,0.21739130434782608,0.02127659574468085,0.1111111111111111,0.03571428571428571
Flat,0.5507246376811594,0.034482758620689655,0.25,0.06060606060606061
Amorphous,0.7681159420289855,0.3076923076923077,0.36363636363636365,0.3333333333333333
Macro-Average,0.0,0.17269033241153564,0.14920481409843112,0.09409400123685838
Micro-Average,0.48405797101449277,0.07608695652173914,0.07,0.07291666666666667
