Class,Accuracy,Precision,Recall,F1
Cube,0.7971014492753623,0.9393939393939394,0.7209302325581395,0.8157894736842105
Stick,0.5797101449275363,0.5454545454545454,0.5625,0.5538461538461539
Sphere,0.4057971014492754,0.25925925925925924,0.9333333333333333,0.4057971014492754
Flat,0.8405797101449275,0.125,0.2,0.15384615384615385
Amorphous,0.7971014492753623,0.3125,0.625,0.4166666666666667
Macro-Average,0.13043478260869565,0.4363215488215488,0.6083527131782945,0.469189109898492
Micro-Average,0.6840579710144927,0.4791666666666667,0.6699029126213593,0.5587044534412956
