Class,Accuracy,Precision,Recall,F1
Cube,0.6428571428571429,0.6451612903225806,0.8333333333333334,0.7272727272727273
Stick,0.5,0.5714285714285714,0.18181818181818182,0.27586206896551724
Sphere,0.4523809523809524,0.14285714285714285,0.375,0.20689655172413793
Flat,0.8809523809523809,0.0,0.0,0.0
Amorphous,0.6190476190476191,0.2222222222222222,0.6666666666666666,0.3333333333333333
Macro-Average,0.047619047619047616,0.3163338453661034,0.4113636363636363,0.3086729362591431
Micro-Average,0.6190476190476191,0.3924050632911392,0.49206349206349204,0.43661971830985913
