Class,Accuracy,Precision,Recall,F1
Cube,0.40476190476190477,0.52,0.5,0.5098039215686274
Stick,0.5714285714285714,0.5714285714285714,0.4,0.47058823529411764
Sphere,0.35714285714285715,0.13333333333333333,0.8,0.22857142857142856
Flat,0.7619047619047619,0.0,0.0,0.0
Amorphous,0.5952380952380952,0.21052631578947367,0.6666666666666666,0.32
Macro-Average,0.047619047619047616,0.2870576441102757,0.47333333333333333,0.30579271708683475
Micro-Average,0.5380952380952381,0.3020833333333333,0.4915254237288136,0.3741935483870968
