Class,Accuracy,Precision,Recall,F1
Cube,0.8115942028985508,0.7857142857142857,0.9777777777777777,0.8712871287128713
Stick,0.463768115942029,0.3695652173913043,0.68,0.4788732394366197
Sphere,0.7971014492753623,0.3333333333333333,0.4,0.36363636363636365
Flat,0.927536231884058,1.0,0.16666666666666666,0.2857142857142857
Amorphous,0.7391304347826086,0.46153846153846156,0.35294117647058826,0.4
Macro-Average,0.2318840579710145,0.590030259595477,0.5154771241830065,0.479902203500028
Micro-Average,0.7478260869565218,0.5625,0.6990291262135923,0.6233766233766234
