Class,Accuracy,Precision,Recall,F1
Cube,0.5072463768115942,0.6,0.7333333333333333,0.66
Stick,0.463768115942029,0.2,0.16,0.17777777777777778
Sphere,0.2318840579710145,0.15873015873015872,1.0,0.273972602739726
Flat,0.7971014492753623,0.1,0.16666666666666666,0.125
Amorphous,0.43478260869565216,0.28,0.8235294117647058,0.417910447761194
Macro-Average,0.0,0.26774603174603173,0.5767058823529412,0.3309321656557396
Micro-Average,0.48695652173913045,0.31313131313131315,0.6019417475728155,0.4119601328903654
