Class,Accuracy,Precision,Recall,F1
Cube,0.3333333333333333,1.0,0.0,0.0
Stick,0.6231884057971014,1.0,0.037037037037037035,0.07142857142857142
Sphere,0.2608695652173913,0.23076923076923078,0.9375,0.37037037037037035
Flat,0.2753623188405797,0.05660377358490566,1.0,0.10714285714285714
Amorphous,0.8405797101449275,0.6,0.25,0.35294117647058826
Macro-Average,0.0,0.5774746008708274,0.4449074074074074,0.18037659508247744
Micro-Average,0.4666666666666667,0.1774193548387097,0.21153846153846154,0.19298245614035087
