Class,Accuracy,Precision,Recall,F1
Cube,0.6811594202898551,0.8048780487804879,0.7021276595744681,0.75
Stick,0.5507246376811594,0.6,0.09375,0.16216216216216217
Sphere,0.2318840579710145,0.14516129032258066,1.0,0.2535211267605634
Flat,0.9710144927536232,0.5,0.5,0.5
Amorphous,0.5072463768115942,0.14285714285714285,0.5555555555555556,0.22727272727272727
Macro-Average,0.043478260869565216,0.4385792963920422,0.5702866430260046,0.37859120323909057
Micro-Average,0.5884057971014492,0.35172413793103446,0.5151515151515151,0.4180327868852459
