Class,Accuracy,Precision,Recall,F1
Cube,0.3188405797101449,1.0,0.0,0.0
Stick,0.5217391304347826,0.45454545454545453,0.15625,0.23255813953488372
Sphere,0.13043478260869565,0.13043478260869565,1.0,0.23076923076923078
Flat,0.9710144927536232,1.0,0.0,0.0
Amorphous,0.8260869565217391,0.0,0.0,0.0
Macro-Average,0.057971014492753624,0.51699604743083,0.23125,0.0926654740608229
Micro-Average,0.553623188405797,0.1686746987951807,0.1414141414141414,0.15384615384615385
