Class,Accuracy,Precision,Recall,F1
Cube,0.5362318840579711,0.7241379310344828,0.4666666666666667,0.5675675675675675
Stick,0.5072463768115942,0.23529411764705882,0.16,0.19047619047619047
Sphere,0.6231884057971014,0.21428571428571427,0.6,0.3157894736842105
Flat,0.6811594202898551,0.13636363636363635,0.5,0.21428571428571427
Amorphous,0.5217391304347826,0.25,0.47058823529411764,0.32653061224489793
Macro-Average,0.10144927536231885,0.3120162798661784,0.43945098039215685,0.3229299116517161
Micro-Average,0.5739130434782609,0.328125,0.4077669902912621,0.36363636363636365
