Class,Accuracy,Precision,Recall,F1
Cube,0.3188405797101449,1.0,0.0,0.0
Stick,0.5507246376811594,0.375,0.10344827586206896,0.16216216216216217
Sphere,0.11594202898550725,0.11764705882352941,0.8888888888888888,0.2077922077922078
Flat,0.9420289855072463,1.0,0.0,0.0
Amorphous,0.8405797101449275,1.0,0.0,0.0
Macro-Average,0.043478260869565216,0.6985294117647058,0.19846743295019156,0.07399087399087399
Micro-Average,0.553623188405797,0.14473684210526316,0.11,0.125
