Class,Accuracy,Precision,Recall,F1
Cube,0.34782608695652173,1.0,0.021739130434782608,0.0425531914893617
Stick,0.6086956521739131,1.0,0.0,0.0
Sphere,0.2318840579710145,0.2318840579710145,1.0,0.3764705882352941
Flat,0.9565217391304348,1.0,0.0,0.0
Amorphous,0.8260869565217391,1.0,0.0,0.0
Macro-Average,0.10144927536231885,0.846376811594203,0.20434782608695654,0.08380475594493117
Micro-Average,0.5942028985507246,0.24285714285714285,0.16346153846153846,0.19540229885057472
