Class,Accuracy,Precision,Recall,F1
Cube,0.28125,0.2857142857142857,0.1,0.14814814814814814
Stick,0.5625,0.16666666666666666,0.1,0.125
Sphere,0.1875,0.14285714285714285,0.6666666666666666,0.23529411764705882
Flat,0.90625,1.0,0.0,0.0
Amorphous,0.25,0.125,0.5,0.2
Macro-Average,0.0,0.34404761904761905,0.2733333333333333,0.14168845315904138
Micro-Average,0.4375,0.15384615384615385,0.2222222222222222,0.18181818181818182
