Class,Accuracy,Precision,Recall,F1
Cube,0.3188405797101449,0.0,0.0,0.0
Stick,0.5652173913043478,0.375,0.10714285714285714,0.16666666666666666
Sphere,0.13043478260869565,0.13043478260869565,1.0,0.23076923076923078
Flat,0.9420289855072463,1.0,0.0,0.0
Amorphous,0.8260869565217391,1.0,0.14285714285714285,0.25
Macro-Average,0.043478260869565216,0.5010869565217392,0.25,0.1294871794871795
Micro-Average,0.5565217391304348,0.175,0.13861386138613863,0.15469613259668508
