Class,Accuracy,Precision,Recall,F1
Cube,0.3188405797101449,1.0,0.0,0.0
Stick,0.4782608695652174,0.1111111111111111,0.034482758620689655,0.05263157894736842
Sphere,0.13043478260869565,0.13043478260869565,1.0,0.23076923076923078
Flat,0.9420289855072463,1.0,0.0,0.0
Amorphous,0.855072463768116,0.6,0.2727272727272727,0.375
Macro-Average,0.057971014492753624,0.5683091787439614,0.26144200626959246,0.13168016194331983
Micro-Average,0.5449275362318841,0.1566265060240964,0.13,0.14207650273224043
