Class,Accuracy,Precision,Recall,F1
Cube,0.35714285714285715,0.5,0.3333333333333333,0.4
Stick,0.6904761904761905,0.0,0.0,0.0
Sphere,0.19047619047619047,0.15384615384615385,0.8571428571428571,0.2608695652173913
Flat,0.9285714285714286,1.0,0.0,0.0
Amorphous,0.4523809523809524,0.20833333333333334,0.5555555555555556,0.30303030303030304
Macro-Average,0.023809523809523808,0.3724358974358974,0.3492063492063492,0.19277997364953886
Micro-Average,0.5238095238095238,0.24390243902439024,0.3448275862068966,0.2857142857142857
