,rs,xgb_acc_unoptimized,xgb_f1_unoptimized,xgb_acc_optimized,xgb_f1_optimized
0,0,0.6086956521739131,0.37837837837837834,0.5652173913043478,0.3611111111111111
1,10,0.6956521739130435,0.41025641025641024,0.37681159420289856,0.2736842105263158
2,20,0.5942028985507246,0.37272727272727274,0.6956521739130435,0.4102564102564103
3,30,0.2898550724637681,0.22471910112359547,0.15942028985507245,0.1375
4,40,0.2463768115942029,0.19767441860465118,0.6811594202898551,0.4051724137931034
