,rs,xgb_acc_unoptimized,xgb_f1_unoptimized,xgb_acc_optimized,xgb_f1_optimized
0,0,0.8260869565217391,0.6491525423728814,0.8260869565217391,0.6491525423728814
1,10,0.7391304347826086,0.5460526315789473,0.7391304347826086,0.5460526315789473
2,20,0.7971014492753623,0.621473354231975,0.7971014492753623,0.621473354231975
3,30,0.855072463768116,0.6805555555555556,0.855072463768116,0.6805555555555556
4,40,0.7391304347826086,0.5967532467532467,0.7391304347826086,0.5967532467532467
