,rs,xgb_acc_unoptimized,xgb_f1_unoptimized,xgb_acc_optimized,xgb_f1_optimized
0,0,0.6811594202898551,0.655,0.7101449275362319,0.6863636363636363
1,10,0.6231884057971014,0.6044973544973544,0.6231884057971014,0.6044973544973544
2,20,0.5652173913043478,0.5538793103448276,0.6521739130434783,0.643103448275862
3,30,0.7101449275362319,0.7086148648648649,0.6521739130434783,0.6503378378378378
4,40,0.6811594202898551,0.6694250871080138,0.6811594202898551,0.6694250871080138
