,rs,xgb_acc_unoptimized,xgb_f1_unoptimized,xgb_acc_optimized,xgb_f1_optimized
0,0,0.7101449275362319,0.6097285067873304,0.7391304347826086,0.6487556561085972
1,10,0.7681159420289855,0.5964912280701754,0.7391304347826086,0.5460526315789473
2,20,0.7971014492753623,0.5527777777777778,0.7681159420289855,0.48888888888888893
3,30,0.7971014492753623,0.5527777777777778,0.7971014492753623,0.5527777777777778
4,40,0.7681159420289855,0.48888888888888893,0.7971014492753623,0.5527777777777778
