,rs,xgb_acc_unoptimized,xgb_f1_unoptimized,xgb_acc_optimized,xgb_f1_optimized
0,0,0.6231884057971014,0.5922727272727273,0.6521739130434783,0.6236363636363637
1,10,0.7391304347826086,0.7222719141323792,0.7101449275362319,0.6914132379248659
2,20,0.7681159420289855,0.7330754352030948,0.7681159420289855,0.7330754352030948
3,30,0.7391304347826086,0.6997098646034816,0.7101449275362319,0.6663442940038684
4,40,0.7101449275362319,0.6739130434782609,0.7101449275362319,0.6739130434782609
