,rs,rf_acc_unoptimized,rf_f1_unoptimized,rf_acc_optimized,rf_f1_optimized
0,0,0.6811594202898551,0.655,0.6811594202898551,0.655
1,10,0.7681159420289855,0.7531305903398927,0.7391304347826086,0.7222719141323792
2,20,0.7391304347826086,0.6997098646034816,0.7681159420289855,0.7330754352030948
3,30,0.7681159420289855,0.7330754352030948,0.7681159420289855,0.7330754352030948
4,40,0.6521739130434783,0.608695652173913,0.6811594202898551,0.6413043478260869
