,rs,rf_acc_unoptimized,rf_f1_unoptimized,rf_acc_optimized,rf_f1_optimized
0,0,0.782608695652174,0.5787545787545787,0.7971014492753623,0.5906779661016949
1,10,0.7101449275362319,0.4956140350877193,0.7101449275362319,0.4956140350877193
2,20,0.7681159420289855,0.567398119122257,0.7971014492753623,0.621473354231975
3,30,0.8840579710144928,0.7444444444444445,0.8840579710144928,0.7444444444444445
4,40,0.7391304347826086,0.5967532467532467,0.7681159420289855,0.6415584415584416
