,rs,rf_acc_unoptimized,rf_f1_unoptimized,rf_acc_optimized,rf_f1_optimized
0,0,0.7391304347826086,0.42499999999999993,0.6811594202898551,0.5707013574660633
1,10,0.8115942028985508,0.448,0.7971014492753623,0.6469298245614035
2,20,0.7971014492753623,0.5527777777777778,0.8260869565217391,0.6166666666666667
3,30,0.7681159420289855,0.48888888888888893,0.7681159420289855,0.48888888888888893
4,40,0.7681159420289855,0.48888888888888893,0.7681159420289855,0.48888888888888893
