,rs,rf_acc_unoptimized,rf_f1_unoptimized,rf_acc_optimized,rf_f1_optimized
0,0,0.6811594202898551,0.655,0.6811594202898551,0.655
1,10,0.6231884057971014,0.6044973544973544,0.6231884057971014,0.6044973544973544
2,20,0.6521739130434783,0.643103448275862,0.6231884057971014,0.6133620689655173
3,30,0.6231884057971014,0.6211993243243243,0.6521739130434783,0.6503378378378378
4,40,0.6666666666666666,0.6562703053931125,0.6521739130434783,0.6393728222996515
