,rs,rf_acc_unoptimized,rf_f1_unoptimized,rf_acc_optimized,rf_f1_optimized
0,0,0.4927536231884058,0.3300970873786408,0.5507246376811594,0.35514018691588783
1,10,0.4492753623188406,0.31,0.5797101449275363,0.3669724770642202
2,20,0.6521739130434783,0.3947368421052631,0.7536231884057971,0.4297520661157025
3,30,0.13043478260869565,0.11538461538461538,0.10144927536231885,0.09210526315789475
4,40,0.8695652173913043,0.46511627906976744,0.7681159420289855,0.4344262295081967
