Class,Accuracy,Precision,Recall,F1
Cube,0.37681159420289856,1.0,0.0,0.0
Stick,0.6086956521739131,1.0,0.0,0.0
Sphere,0.5507246376811594,0.047619047619047616,0.08333333333333333,0.06060606060606061
Flat,0.5652173913043478,0.07142857142857142,0.3333333333333333,0.11764705882352941
Amorphous,0.2898550724637681,0.16363636363636364,0.75,0.26865671641791045
Macro-Average,0.07246376811594203,0.4565367965367965,0.2333333333333333,0.08938196716950009
Micro-Average,0.4782608695652174,0.11538461538461539,0.12,0.11764705882352941
