Class,Accuracy,Precision,Recall,F1
Cube,0.3333333333333333,1.0,0.0,0.0
Stick,0.6086956521739131,0.5,0.037037037037037035,0.06896551724137931
Sphere,0.18840579710144928,0.19696969696969696,0.8125,0.3170731707317073
Flat,0.855072463768116,0.18181818181818182,0.6666666666666666,0.2857142857142857
Amorphous,0.391304347826087,0.1875,0.75,0.3
Macro-Average,0.057971014492753624,0.41325757575757577,0.4532407407407407,0.19435059473747446
Micro-Average,0.4753623188405797,0.1968503937007874,0.2403846153846154,0.21645021645021645
