Class,Accuracy,Precision,Recall,F1
Cube,0.6428571428571429,0.65625,0.84,0.7368421052631579
Stick,0.6190476190476191,0.45,0.6428571428571429,0.5294117647058824
Sphere,0.5,0.25,0.45454545454545453,0.3225806451612903
Flat,0.8571428571428571,0.0,0.0,0.0
Amorphous,0.7142857142857143,0.125,0.16666666666666666,0.14285714285714285
Macro-Average,0.11904761904761904,0.29625,0.42081385281385286,0.34633833159749466
Micro-Average,0.6666666666666666,0.43902439024390244,0.6,0.5070422535211268
