Class,Accuracy,Precision,Recall,F1
Cube,0.8405797101449275,0.8333333333333334,0.9302325581395349,0.8791208791208791
Stick,0.6376811594202898,0.7058823529411765,0.375,0.4897959183673469
Sphere,0.2318840579710145,0.22058823529411764,1.0,0.3614457831325301
Flat,0.927536231884058,0.5,0.4,0.4444444444444444
Amorphous,0.8260869565217391,0.35714285714285715,0.625,0.45454545454545453
Macro-Average,0.057971014492753624,0.523389355742297,0.666046511627907,0.5258704959221311
Micro-Average,0.6927536231884058,0.4900662251655629,0.7184466019417476,0.5826771653543307
