Class,Accuracy,Precision,Recall,F1
Cube,0.7380952380952381,0.7105263157894737,1.0,0.8307692307692308
Stick,0.6190476190476191,0.4,0.6666666666666666,0.5
Sphere,0.9285714285714286,0.8333333333333334,0.7142857142857143,0.7692307692307693
Flat,0.9523809523809523,1.0,0.3333333333333333,0.5
Amorphous,0.6904761904761905,0.35714285714285715,0.5555555555555556,0.43478260869565216
Macro-Average,0.16666666666666666,0.6602005012531329,0.653968253968254,0.6069565217391305
Micro-Average,0.7857142857142857,0.5822784810126582,0.7931034482758621,0.6715328467153284
