Class,Accuracy,Precision,Recall,F1
Cube,0.36231884057971014,1.0,0.0,0.0
Stick,0.6376811594202898,1.0,0.0,0.0
Sphere,0.6666666666666666,0.0,0.0,0.0
Flat,0.8405797101449275,0.0,0.0,0.0
Amorphous,0.18840579710144928,0.140625,0.9,0.24324324324324326
Macro-Average,0.057971014492753624,0.428125,0.18,0.04864864864864865
Micro-Average,0.5391304347826087,0.12,0.08823529411764706,0.1016949152542373
