Class,Accuracy,Precision,Recall,F1
Cube,0.5217391304347826,0.9333333333333333,0.30434782608695654,0.45901639344262296
Stick,0.5797101449275363,0.42857142857142855,0.10714285714285714,0.17142857142857143
Sphere,0.4782608695652174,0.13513513513513514,0.5555555555555556,0.21739130434782608
Flat,0.7681159420289855,0.125,0.5,0.2
Amorphous,0.30434782608695654,0.20689655172413793,0.8571428571428571,0.3333333333333333
Macro-Average,0.028985507246376812,0.365787289752807,0.46483781918564526,0.27623392051047074
Micro-Average,0.5304347826086957,0.2706766917293233,0.3564356435643564,0.3076923076923077
