Class,Accuracy,Precision,Recall,F1
Cube,0.6086956521739131,0.9545454545454546,0.44680851063829785,0.6086956521739131
Stick,0.4927536231884058,0.47058823529411764,0.75,0.5783132530120482
Sphere,0.2463768115942029,0.13559322033898305,0.8888888888888888,0.23529411764705882
Flat,0.7536231884057971,0.058823529411764705,0.5,0.10526315789473684
Amorphous,0.6086956521739131,0.23529411764705882,0.8888888888888888,0.37209302325581395
Macro-Average,0.0,0.3709689114474758,0.6949172576832151,0.37993184079671416
Micro-Average,0.5420289855072464,0.33879781420765026,0.6262626262626263,0.4397163120567376
