Class,Accuracy,Precision,Recall,F1
Cube,0.4492753623188406,0.75,0.20454545454545456,0.32142857142857145
Stick,0.6376811594202898,1.0,0.0,0.0
Sphere,0.6521739130434783,0.0,0.0,0.0
Flat,0.9130434782608695,1.0,0.0,0.0
Amorphous,0.2028985507246377,0.10526315789473684,0.6,0.1791044776119403
Macro-Average,0.07246376811594203,0.5710526315789474,0.16090909090909092,0.10010660980810235
Micro-Average,0.5710144927536231,0.19736842105263158,0.14705882352941177,0.16853932584269662
