Class,Accuracy,Precision,Recall,F1
Cube,0.38095238095238093,0.5333333333333333,0.2962962962962963,0.38095238095238093
Stick,0.7380952380952381,0.7,0.4666666666666667,0.56
Sphere,0.40476190476190477,0.09523809523809523,0.25,0.13793103448275862
Flat,0.8571428571428571,0.3333333333333333,0.2,0.25
Amorphous,0.5952380952380952,0.25,0.7142857142857143,0.37037037037037035
Macro-Average,0.07142857142857142,0.3823809523809524,0.38544973544973543,0.339850757161102
Micro-Average,0.5952380952380952,0.3333333333333333,0.3709677419354839,0.3511450381679389
