Class,Accuracy,Precision,Recall,F1
Cube,0.37681159420289856,1.0,0.0,0.0
Stick,0.5217391304347826,0.0,0.0,0.0
Sphere,0.5072463768115942,0.0,0.0,0.0
Flat,0.7971014492753623,0.0,0.0,0.0
Amorphous,0.2463768115942029,0.07692307692307693,0.5,0.13333333333333333
Macro-Average,0.028985507246376812,0.21538461538461537,0.1,0.026666666666666665
Micro-Average,0.48985507246376814,0.04938271604938271,0.038834951456310676,0.043478260869565216
