Class,Accuracy,Precision,Recall,F1
Cube,0.36231884057971014,0.4444444444444444,0.09302325581395349,0.15384615384615385
Stick,0.6086956521739131,1.0,0.15625,0.2702702702702703
Sphere,0.3188405797101449,0.2037037037037037,0.7333333333333333,0.3188405797101449
Flat,0.8985507246376812,0.0,0.0,0.0
Amorphous,0.17391304347826086,0.1111111111111111,0.875,0.19718309859154928
Macro-Average,0.014492753623188406,0.35185185185185186,0.37152131782945735,0.18802802048362366
Micro-Average,0.47246376811594204,0.20300751879699247,0.2621359223300971,0.2288135593220339
