Class,Accuracy,Precision,Recall,F1
Cube,0.5072463768115942,1.0,0.2765957446808511,0.43333333333333335
Stick,0.5072463768115942,0.3076923076923077,0.13793103448275862,0.19047619047619047
Sphere,0.2318840579710145,0.09259259259259259,0.5555555555555556,0.15873015873015872
Flat,0.8840579710144928,0.0,0.0,0.0
Amorphous,0.18840579710144928,0.14285714285714285,0.8181818181818182,0.24324324324324326
Macro-Average,0.014492753623188406,0.3086284086284086,0.3576528305801967,0.20515658515658516
Micro-Average,0.463768115942029,0.2108843537414966,0.31,0.25101214574898784
