Class,Accuracy,Precision,Recall,F1
Cube,0.36231884057971014,0.0,0.0,0.0
Stick,0.6086956521739131,1.0,0.0,0.0
Sphere,0.15942028985507245,0.16176470588235295,0.9166666666666666,0.275
Flat,0.36231884057971014,0.047619047619047616,0.3333333333333333,0.08333333333333333
Amorphous,0.6521739130434783,0.22727272727272727,0.4166666666666667,0.29411764705882354
Macro-Average,0.028985507246376812,0.2873312961548256,0.33333333333333337,0.13049019607843138
Micro-Average,0.4289855072463768,0.13533834586466165,0.18,0.15450643776824036
