Class,Accuracy,Precision,Recall,F1
Cube,0.6086956521739131,0.8125,0.5531914893617021,0.6582278481012658
Stick,0.5507246376811594,0.4583333333333333,0.3793103448275862,0.41509433962264153
Sphere,0.2898550724637681,0.1,0.5555555555555556,0.1694915254237288
Flat,0.7971014492753623,0.0,0.0,0.0
Amorphous,0.6086956521739131,0.1,0.18181818181818182,0.12903225806451613
Macro-Average,0.028985507246376812,0.2941666666666667,0.3339751143126052,0.2743691942424304
Micro-Average,0.5710144927536231,0.3235294117647059,0.44,0.3728813559322034
