Class,Accuracy,Precision,Recall,F1
Cube,0.65625,0.6666666666666666,0.7058823529411765,0.6857142857142857
Stick,0.625,0.6153846153846154,0.5333333333333333,0.5714285714285714
Sphere,0.53125,0.2631578947368421,0.8333333333333334,0.4
Flat,0.9375,1.0,0.3333333333333333,0.5
Amorphous,0.875,0.6,0.6,0.6
Macro-Average,0.25,0.6290418353576248,0.6011764705882354,0.5514285714285714
Micro-Average,0.725,0.5178571428571429,0.6304347826086957,0.5686274509803921
