Class,Accuracy,Precision,Recall,F1
Cube,0.6428571428571429,0.7419354838709677,0.7666666666666667,0.7540983606557377
Stick,0.4523809523809524,0.3333333333333333,0.35294117647058826,0.34285714285714286
Sphere,0.40476190476190477,0.20689655172413793,0.75,0.32432432432432434
Flat,0.9761904761904762,1.0,0.5,0.6666666666666666
Amorphous,0.7857142857142857,0.14285714285714285,0.25,0.18181818181818182
Macro-Average,0.19047619047619047,0.48500450235711634,0.523921568627451,0.45395293526441066
Micro-Average,0.6523809523809524,0.43023255813953487,0.6065573770491803,0.5034013605442177
