Class,Accuracy,Precision,Recall,F1
Cube,0.6904761904761905,0.6842105263157895,0.9629629629629629,0.8
Stick,0.6190476190476191,0.47058823529411764,0.5333333333333333,0.5
Sphere,0.5714285714285714,0.2222222222222222,0.5,0.3076923076923077
Flat,0.7857142857142857,0.25,0.4,0.3076923076923077
Amorphous,0.8809523809523809,0.75,0.42857142857142855,0.5454545454545454
Macro-Average,0.14285714285714285,0.47540419676642587,0.5649735449735449,0.4921678321678321
Micro-Average,0.7095238095238096,0.5058823529411764,0.6935483870967742,0.5850340136054422
