Class,Accuracy,Precision,Recall,F1
Cube,0.3333333333333333,1.0,0.0,0.0
Stick,0.5942028985507246,1.0,0.0,0.0
Sphere,0.14492753623188406,0.05357142857142857,0.3333333333333333,0.09230769230769231
Flat,0.5507246376811594,0.034482758620689655,0.25,0.06060606060606061
Amorphous,0.6086956521739131,0.2903225806451613,0.6428571428571429,0.4
Macro-Average,0.0,0.4756753535674559,0.24523809523809526,0.11058275058275058
Micro-Average,0.4463768115942029,0.11206896551724138,0.12871287128712872,0.11981566820276497
