Class,Accuracy,Precision,Recall,F1
Cube,0.5,0.5806451612903226,0.6923076923076923,0.631578947368421
Stick,0.6666666666666666,0.65,0.65,0.65
Sphere,0.7857142857142857,0.16666666666666666,0.2,0.18181818181818182
Flat,0.9047619047619048,0.0,0.0,0.0
Amorphous,0.6904761904761905,0.18181818181818182,0.3333333333333333,0.23529411764705882
Macro-Average,0.23809523809523808,0.31582600195503424,0.3751282051282051,0.33973824936673236
Micro-Average,0.7095238095238096,0.4857142857142857,0.576271186440678,0.5271317829457365
