Class,Accuracy,Precision,Recall,F1
Cube,0.6190476190476191,0.6666666666666666,0.72,0.6923076923076923
Stick,0.5476190476190477,0.4583333333333333,0.6470588235294118,0.5365853658536586
Sphere,0.5,0.22727272727272727,0.5555555555555556,0.3225806451612903
Flat,0.9047619047619048,1.0,0.0,0.0
Amorphous,0.8095238095238095,0.0,0.0,0.0
Macro-Average,0.14285714285714285,0.4704545454545455,0.3845228758169935,0.3102947406645282
Micro-Average,0.6761904761904762,0.4533333333333333,0.5573770491803278,0.5
