Class,Accuracy,Precision,Recall,F1
Cube,0.7142857142857143,0.75,0.9,0.8181818181818182
Stick,0.47619047619047616,0.4074074074074074,0.6470588235294118,0.5
Sphere,0.6190476190476191,0.25,0.5,0.3333333333333333
Flat,0.9761904761904762,1.0,0.5,0.6666666666666666
Amorphous,0.9047619047619048,0.5,0.5,0.5
Macro-Average,0.19047619047619047,0.5814814814814815,0.6094117647058823,0.5636363636363637
Micro-Average,0.7380952380952381,0.5357142857142857,0.7377049180327869,0.6206896551724138
