Class,Accuracy,Precision,Recall,F1
Cube,0.3333333333333333,1.0,0.0,0.0
Stick,0.5942028985507246,0.0,0.0,0.0
Sphere,0.21739130434782608,0.22058823529411764,0.9375,0.35714285714285715
Flat,0.9565217391304348,1.0,0.0,0.0
Amorphous,0.8115942028985508,0.0,0.0,0.0
Macro-Average,0.07246376811594203,0.44411764705882356,0.1875,0.07142857142857142
Micro-Average,0.5826086956521739,0.21428571428571427,0.14423076923076922,0.1724137931034483
