Class,Accuracy,Precision,Recall,F1
Cube,0.6428571428571429,0.6341463414634146,1.0,0.7761194029850746
Stick,0.6666666666666666,0.6153846153846154,0.8,0.6956521739130435
Sphere,0.8095238095238095,0.36363636363636365,0.8,0.5
Flat,0.8571428571428571,0.16666666666666666,0.5,0.25
Amorphous,0.9523809523809523,0.8333333333333334,0.8333333333333334,0.8333333333333334
Macro-Average,0.23809523809523808,0.5226334640968788,0.7866666666666667,0.6110209820462903
Micro-Average,0.7857142857142857,0.5777777777777777,0.8813559322033898,0.697986577181208
