Class,Accuracy,Precision,Recall,F1
Cube,0.7857142857142857,0.8148148148148148,0.8461538461538461,0.8301886792452831
Stick,0.4523809523809524,0.3333333333333333,0.15,0.20689655172413793
Sphere,0.7380952380952381,0.2857142857142857,0.8,0.42105263157894735
Flat,0.8095238095238095,0.0,0.0,0.0
Amorphous,0.9285714285714286,0.7142857142857143,0.8333333333333334,0.7692307692307693
Macro-Average,0.19047619047619047,0.4296296296296297,0.5258974358974359,0.44547372635582755
Micro-Average,0.7428571428571429,0.5396825396825397,0.576271186440678,0.5573770491803278
