Class,Accuracy,Precision,Recall,F1
Cube,0.3188405797101449,0.4166666666666667,0.1111111111111111,0.17543859649122806
Stick,0.37681159420289856,0.36764705882352944,1.0,0.5376344086021505
Sphere,0.36231884057971014,0.17307692307692307,0.9,0.2903225806451613
Flat,0.8695652173913043,0.0,0.0,0.0
Amorphous,0.5652173913043478,0.2903225806451613,0.5294117647058824,0.375
Macro-Average,0.0,0.2495426458424561,0.5081045751633987,0.275679117147708
Micro-Average,0.4985507246376812,0.2891566265060241,0.46601941747572817,0.35687732342007433
