Class,Accuracy,Precision,Recall,F1
Cube,0.5797101449275363,0.8695652173913043,0.43478260869565216,0.5797101449275363
Stick,0.4782608695652174,0.375,0.42857142857142855,0.4
Sphere,0.5507246376811594,0.15625,0.5555555555555556,0.24390243902439024
Flat,0.5217391304347826,0.08571428571428572,0.75,0.15384615384615385
Amorphous,0.5797101449275363,0.2857142857142857,0.7142857142857143,0.40816326530612246
Macro-Average,0.0,0.3544487577639751,0.5766390614216702,0.35712440062084055
Micro-Average,0.5420289855072464,0.3184713375796178,0.49504950495049505,0.3875968992248062
