Class,Accuracy,Precision,Recall,F1
Cube,0.30952380952380953,0.375,0.1111111111111111,0.17142857142857143
Stick,0.5714285714285714,0.2857142857142857,0.13333333333333333,0.18181818181818182
Sphere,0.23809523809523808,0.2,1.0,0.3333333333333333
Flat,0.8809523809523809,1.0,0.0,0.0
Amorphous,0.2619047619047619,0.1,0.42857142857142855,0.16216216216216217
Macro-Average,0.023809523809523808,0.3921428571428572,0.3346031746031746,0.16974844974844977
Micro-Average,0.4523809523809524,0.18823529411764706,0.25806451612903225,0.21768707482993196
