Class,Accuracy,Precision,Recall,F1
Cube,0.36231884057971014,0.3333333333333333,0.023255813953488372,0.043478260869565216
Stick,0.4492753623188406,0.0,0.0,0.0
Sphere,0.2318840579710145,0.22058823529411764,1.0,0.3614457831325301
Flat,0.8985507246376812,0.0,0.0,0.0
Amorphous,0.8695652173913043,0.0,0.0,0.0
Macro-Average,0.014492753623188406,0.1107843137254902,0.20465116279069767,0.08098480880041907
Micro-Average,0.5623188405797102,0.2,0.1553398058252427,0.17486338797814208
