Class,Accuracy,Precision,Recall,F1
Cube,0.7142857142857143,0.7027027027027027,0.9629629629629629,0.8125
Stick,0.7380952380952381,0.6111111111111112,0.7333333333333333,0.6666666666666666
Sphere,0.7380952380952381,0.38461538461538464,0.625,0.47619047619047616
Flat,0.8095238095238095,0.2857142857142857,0.4,0.3333333333333333
Amorphous,0.9047619047619048,0.8,0.5714285714285714,0.6666666666666666
Macro-Average,0.23809523809523808,0.5568286968286967,0.6585449735449735,0.5910714285714286
Micro-Average,0.780952380952381,0.6,0.7741935483870968,0.676056338028169
