Class,Accuracy,Precision,Recall,F1
Cube,0.463768115942029,0.6285714285714286,0.4782608695652174,0.5432098765432098
Stick,0.5942028985507246,0.47058823529411764,0.2962962962962963,0.36363636363636365
Sphere,0.2318840579710145,0.2318840579710145,1.0,0.3764705882352941
Flat,0.855072463768116,0.0,0.0,0.0
Amorphous,0.5942028985507246,0.25,0.6666666666666666,0.36363636363636365
Macro-Average,0.028985507246376812,0.31620874436731217,0.48824476650563603,0.32939063841024624
Micro-Average,0.5478260869565217,0.3375,0.5192307692307693,0.4090909090909091
