Class,Accuracy,Precision,Recall,F1
Cube,0.4057971014492754,1.0,0.046511627906976744,0.08888888888888889
Stick,0.5942028985507246,1.0,0.034482758620689655,0.06666666666666667
Sphere,0.2028985507246377,0.14516129032258066,0.8181818181818182,0.2465753424657534
Flat,0.8405797101449275,0.0,0.0,0.0
Amorphous,0.17391304347826086,0.14925373134328357,1.0,0.2597402597402597
Macro-Average,0.0,0.4588830043331728,0.3798352409418969,0.13237423155231373
Micro-Average,0.4434782608695652,0.16058394160583941,0.2222222222222222,0.1864406779661017
