Class,Accuracy,Precision,Recall,F1
Cube,0.43478260869565216,0.6,0.27906976744186046,0.38095238095238093
Stick,0.6376811594202898,0.7,0.2413793103448276,0.358974358974359
Sphere,0.2753623188405797,0.1694915254237288,0.9090909090909091,0.2857142857142857
Flat,0.9130434782608695,1.0,0.0,0.0
Amorphous,0.30434782608695654,0.12,0.6,0.2
Macro-Average,0.043478260869565216,0.5178983050847458,0.4059079973755194,0.2451282051282051
Micro-Average,0.5130434782608696,0.2517985611510791,0.35353535353535354,0.29411764705882354
