Class,Accuracy,Precision,Recall,F1
Cube,0.7101449275362319,0.6923076923076923,1.0,0.8181818181818182
Stick,0.6231884057971014,0.4838709677419355,0.6,0.5357142857142857
Sphere,0.6811594202898551,0.25,0.6,0.35294117647058826
Flat,0.927536231884058,1.0,0.16666666666666666,0.2857142857142857
Amorphous,0.7971014492753623,0.7142857142857143,0.29411764705882354,0.4166666666666667
Macro-Average,0.13043478260869565,0.6280928748670684,0.532156862745098,0.4818436465495289
Micro-Average,0.7478260869565218,0.5625,0.6990291262135923,0.6233766233766234
