Class,Accuracy,Precision,Recall,F1
Cube,0.6666666666666666,0.6756756756756757,0.9259259259259259,0.78125
Stick,0.7142857142857143,0.6666666666666666,0.4,0.5
Sphere,0.35714285714285715,0.22857142857142856,1.0,0.37209302325581395
Flat,0.8571428571428571,0.4444444444444444,0.8,0.5714285714285714
Amorphous,0.8809523809523809,0.6666666666666666,0.5714285714285714,0.6153846153846154
Macro-Average,0.07142857142857142,0.5364049764049764,0.7394708994708994,0.5680312420138002
Micro-Average,0.6952380952380952,0.4895833333333333,0.7580645161290323,0.5949367088607594
