Class,Accuracy,Precision,Recall,F1
Cube,0.36231884057971014,1.0,0.06382978723404255,0.12
Stick,0.5217391304347826,0.45,0.6206896551724138,0.5217391304347826
Sphere,0.5652173913043478,0.043478260869565216,0.1111111111111111,0.0625
Flat,0.8695652173913043,0.0,0.0,0.0
Amorphous,0.2608695652173913,0.14285714285714285,0.7272727272727273,0.23880597014925373
Macro-Average,0.014492753623188406,0.3272670807453416,0.30458065615805896,0.18860902011680727
Micro-Average,0.5159420289855072,0.23622047244094488,0.3,0.2643171806167401
