Class,Accuracy,Precision,Recall,F1
Cube,0.7391304347826086,0.7049180327868853,1.0,0.8269230769230769
Stick,0.6666666666666666,0.5681818181818182,0.8620689655172413,0.684931506849315
Sphere,0.7391304347826086,0.3157894736842105,0.5454545454545454,0.4
Flat,0.9420289855072463,1.0,0.3333333333333333,0.5
Amorphous,0.9420289855072463,1.0,0.6,0.75
Macro-Average,0.2753623188405797,0.7177778649305828,0.6681713688610241,0.6323709167544783
Micro-Average,0.8057971014492754,0.6212121212121212,0.8282828282828283,0.70995670995671
