Class,Accuracy,Precision,Recall,F1
Cube,0.36231884057971014,1.0,0.043478260869565216,0.08333333333333333
Stick,0.6376811594202898,1.0,0.07407407407407407,0.13793103448275862
Sphere,0.3333333333333333,0.25806451612903225,1.0,0.41025641025641024
Flat,0.8985507246376812,0.25,0.6666666666666666,0.36363636363636365
Amorphous,0.21739130434782608,0.18181818181818182,1.0,0.3076923076923077
Macro-Average,0.014492753623188406,0.5379765395894427,0.5568438003220612,0.2605698898802347
Micro-Average,0.48985507246376814,0.24285714285714285,0.3269230769230769,0.2786885245901639
