Class,Accuracy,Precision,Recall,F1
Cube,0.5217391304347826,0.8888888888888888,0.3404255319148936,0.49230769230769234
Stick,0.5362318840579711,0.44,0.3793103448275862,0.4074074074074074
Sphere,0.3333333333333333,0.12244897959183673,0.6666666666666666,0.20689655172413793
Flat,0.5652173913043478,0.06666666666666667,0.5,0.11764705882352941
Amorphous,0.5652173913043478,0.22857142857142856,0.7272727272727273,0.34782608695652173
Macro-Average,0.0,0.34931519274376416,0.5227350541363748,0.3144169594438578
Micro-Average,0.5043478260869565,0.27388535031847133,0.43,0.3346303501945525
