Class,Accuracy,Precision,Recall,F1
Cube,0.30434782608695654,0.0,0.0,0.0
Stick,0.6086956521739131,0.0,0.0,0.0
Sphere,0.15942028985507245,0.14705882352941177,1.0,0.2564102564102564
Flat,0.9130434782608695,1.0,0.0,0.0
Amorphous,0.7101449275362319,0.2,0.058823529411764705,0.09090909090909091
Macro-Average,0.028985507246376812,0.26941176470588235,0.21176470588235294,0.06946386946386947
Micro-Average,0.5391304347826087,0.14102564102564102,0.10679611650485436,0.12154696132596685
