Class,Accuracy,Precision,Recall,F1
Cube,0.3188405797101449,1.0,0.0,0.0
Stick,0.4927536231884058,0.0,0.0,0.0
Sphere,0.13043478260869565,0.13043478260869565,1.0,0.23076923076923078
Flat,0.9710144927536232,1.0,0.0,0.0
Amorphous,0.855072463768116,0.3333333333333333,0.1111111111111111,0.16666666666666666
Macro-Average,0.014492753623188406,0.49275362318840576,0.22222222222222224,0.0794871794871795
Micro-Average,0.553623188405797,0.13333333333333333,0.10101010101010101,0.11494252873563218
