Class,Accuracy,Precision,Recall,F1
Cube,0.2898550724637681,0.3333333333333333,0.06521739130434782,0.10909090909090909
Stick,0.6231884057971014,0.75,0.10714285714285714,0.1875
Sphere,0.4782608695652174,0.18604651162790697,0.8888888888888888,0.3076923076923077
Flat,0.9420289855072463,1.0,0.0,0.0
Amorphous,0.2898550724637681,0.2033898305084746,0.8571428571428571,0.3287671232876712
Macro-Average,0.028985507246376812,0.49455393509394296,0.3836783988957902,0.18661006801417762
Micro-Average,0.5246376811594203,0.22608695652173913,0.25742574257425743,0.24074074074074073
