Class,Accuracy,Precision,Recall,F1
Cube,0.8095238095238095,0.7878787878787878,0.9629629629629629,0.8666666666666667
Stick,0.8571428571428571,0.75,0.75,0.75
Sphere,0.9285714285714286,0.75,0.8571428571428571,0.8
Flat,0.9285714285714286,0.5,0.3333333333333333,0.4
Amorphous,0.40476190476190477,0.21428571428571427,0.6666666666666666,0.32432432432432434
Macro-Average,0.16666666666666666,0.6004329004329005,0.714021164021164,0.6281981981981982
Micro-Average,0.7857142857142857,0.5783132530120482,0.8275862068965517,0.6808510638297872
