Class,Accuracy,Precision,Recall,F1
Cube,0.84375,0.7727272727272727,1.0,0.8717948717948718
Stick,0.6875,0.6470588235294118,0.7333333333333333,0.6875
Sphere,0.75,0.4166666666666667,0.8333333333333334,0.5555555555555556
Flat,0.9375,1.0,0.3333333333333333,0.5
Amorphous,0.9375,1.0,0.6,0.75
Macro-Average,0.4375,0.7672905525846703,0.7000000000000001,0.6729700854700855
Micro-Average,0.83125,0.6727272727272727,0.8043478260869565,0.7326732673267327
