Class,Accuracy,Precision,Recall,F1
Cube,0.625,0.625,0.8333333333333334,0.7142857142857143
Stick,0.65625,0.6666666666666666,0.5333333333333333,0.5925925925925926
Sphere,0.5,0.11764705882352941,0.6666666666666666,0.2
Flat,0.9375,1.0,0.0,0.0
Amorphous,0.8125,0.5,0.8333333333333334,0.625
Macro-Average,0.125,0.5818627450980391,0.5733333333333334,0.4263756613756614
Micro-Average,0.70625,0.47619047619047616,0.6818181818181818,0.5607476635514018
