Class,Accuracy,Precision,Recall,F1
Cube,0.8260869565217391,0.8076923076923077,0.9545454545454546,0.875
Stick,0.6811594202898551,0.6666666666666666,0.24,0.35294117647058826
Sphere,0.42028985507246375,0.2830188679245283,0.8823529411764706,0.42857142857142855
Flat,0.927536231884058,1.0,0.16666666666666666,0.2857142857142857
Amorphous,0.8115942028985508,0.4117647058823529,0.7,0.5185185185185185
Macro-Average,0.15942028985507245,0.6338285096331711,0.5887130124777183,0.49214908185496425
Micro-Average,0.7333333333333333,0.5378787878787878,0.696078431372549,0.6068376068376068
