Class,Accuracy,Precision,Recall,F1
Cube,0.34782608695652173,0.5,0.022222222222222223,0.0425531914893617
Stick,0.5652173913043478,0.14285714285714285,0.04,0.0625
Sphere,0.7536231884057971,0.1111111111111111,0.1,0.10526315789473684
Flat,0.9130434782608695,0.5,0.16666666666666666,0.25
Amorphous,0.7246376811594203,0.25,0.058823529411764705,0.09523809523809523
Macro-Average,0.014492753623188406,0.3007936507936508,0.07754248366013072,0.11111088892443877
Micro-Average,0.6608695652173913,0.20833333333333334,0.04854368932038835,0.07874015748031496
