Class,Accuracy,Precision,Recall,F1
Cube,0.47619047619047616,0.6428571428571429,0.34615384615384615,0.45
Stick,0.5476190476190477,0.6,0.15,0.24
Sphere,0.2619047619047619,0.09375,0.6,0.16216216216216217
Flat,0.8809523809523809,0.2,0.5,0.2857142857142857
Amorphous,0.9047619047619048,0.625,0.8333333333333334,0.7142857142857143
Macro-Average,0.09523809523809523,0.43232142857142863,0.48589743589743595,0.37043243243243246
Micro-Average,0.6142857142857143,0.328125,0.3559322033898305,0.34146341463414637
