Class,Accuracy,Precision,Recall,F1
Cube,0.37681159420289856,0.7142857142857143,0.10869565217391304,0.18867924528301888
Stick,0.5797101449275363,0.47619047619047616,0.7407407407407407,0.5797101449275363
Sphere,0.5362318840579711,0.2647058823529412,0.5625,0.36
Flat,0.7101449275362319,0.09523809523809523,0.6666666666666666,0.16666666666666666
Amorphous,0.5507246376811594,0.2564102564102564,0.8333333333333334,0.39215686274509803
Macro-Average,0.028985507246376812,0.3613660848954966,0.5823872785829308,0.337442583924464
Micro-Average,0.5507246376811594,0.32167832167832167,0.4423076923076923,0.3724696356275304
