Class,Accuracy,Precision,Recall,F1
Cube,0.5217391304347826,1.0,0.2978723404255319,0.45901639344262296
Stick,0.5507246376811594,1.0,0.03125,0.06060606060606061
Sphere,0.5652173913043478,0.0,0.0,0.0
Flat,0.6521739130434783,0.0,0.0,0.0
Amorphous,0.4927536231884058,0.19047619047619047,0.8888888888888888,0.3137254901960784
Macro-Average,0.10144927536231885,0.43809523809523815,0.24360224586288415,0.1666695888489524
Micro-Average,0.5565217391304348,0.23,0.23232323232323232,0.23115577889447236
