Class,Accuracy,Precision,Recall,F1
Cube,0.8333333333333334,0.8108108108108109,1.0,0.8955223880597015
Stick,0.6666666666666666,0.6,0.5294117647058824,0.5625
Sphere,0.2619047619047619,0.1891891891891892,0.875,0.3111111111111111
Flat,0.8809523809523809,0.2857142857142857,1.0,0.4444444444444444
Amorphous,0.7857142857142857,0.2222222222222222,0.5,0.3076923076923077
Macro-Average,0.047619047619047616,0.4215873015873016,0.7808823529411765,0.5042540502615129
Micro-Average,0.6857142857142857,0.47619047619047616,0.819672131147541,0.6024096385542169
