Class,Accuracy,Precision,Recall,F1
Cube,0.8809523809523809,0.8571428571428571,1.0,0.9230769230769231
Stick,0.5238095238095238,0.45161290322580644,0.8235294117647058,0.5833333333333334
Sphere,0.7619047619047619,0.375,0.375,0.375
Flat,0.9761904761904762,0.6666666666666666,1.0,0.8
Amorphous,0.8809523809523809,0.3333333333333333,0.25,0.2857142857142857
Macro-Average,0.21428571428571427,0.5367511520737327,0.6897058823529412,0.5934249084249084
Micro-Average,0.8047619047619048,0.625,0.819672131147541,0.7092198581560284
