Class,Accuracy,Precision,Recall,F1
Cube,0.463768115942029,0.8333333333333334,0.2222222222222222,0.3508771929824561
Stick,0.6666666666666666,0.75,0.12,0.20689655172413793
Sphere,0.43478260869565216,0.17777777777777778,0.8,0.2909090909090909
Flat,0.8405797101449275,0.14285714285714285,0.16666666666666666,0.15384615384615385
Amorphous,0.3333333333333333,0.2542372881355932,0.8823529411764706,0.39473684210526316
Macro-Average,0.043478260869565216,0.43164110842076947,0.4382483660130719,0.2794531663134204
Micro-Average,0.5478260869565217,0.29133858267716534,0.3592233009708738,0.3217391304347826
