Class,Accuracy,Precision,Recall,F1
Cube,0.5476190476190477,0.5757575757575758,0.7916666666666666,0.6666666666666666
Stick,0.7380952380952381,0.7037037037037037,0.8636363636363636,0.7755102040816326
Sphere,0.7857142857142857,0.46153846153846156,0.75,0.5714285714285714
Flat,0.9523809523809523,1.0,0.3333333333333333,0.5
Amorphous,0.8571428571428571,0.5,0.5,0.5
Macro-Average,0.23809523809523808,0.6481999481999482,0.6477272727272727,0.6027210884353741
Micro-Average,0.7761904761904762,0.6,0.7619047619047619,0.6713286713286714
