Class,Accuracy,Precision,Recall,F1
Cube,0.5238095238095238,0.5769230769230769,0.625,0.6
Stick,0.5476190476190477,0.6153846153846154,0.36363636363636365,0.45714285714285713
Sphere,0.40476190476190477,0.22580645161290322,0.875,0.358974358974359
Flat,0.9523809523809523,1.0,0.3333333333333333,0.5
Amorphous,0.6666666666666666,0.16666666666666666,0.3333333333333333,0.2222222222222222
Macro-Average,0.11904761904761904,0.5169561621174524,0.5060606060606061,0.42766788766788766
Micro-Average,0.6190476190476191,0.39759036144578314,0.5238095238095238,0.4520547945205479
